id	book_id	split	url	validated
0029bdbe75423337b551e42bb31f9a102785376f	21572	train	http://www.gutenberg.org/ebooks/21572.txt.utf-8	True
00936497f5884881f1df23f4834f6739552cee8b	3526	train	http://www.gutenberg.org/ebooks/3526.txt.utf-8	True
00950a3641e6a28b04a6fabf6334140e2deaa9fd	42188	train	http://www.gutenberg.org/ebooks/42188.txt.utf-8	True
01aa10d75658840a478ede17631dba875651c370	19286	train	http://www.gutenberg.org/files/19286/19286-0.txt	True
01f5ab49ace7ff6c2bca8c2e537076ae1f1b5c90	3268	train	http://www.gutenberg.org/ebooks/3268.txt.utf-8	True
02476285f0673b06c7754deed4517e54c50c42b5	15575	train	http://www.gutenberg.org/ebooks/15575.txt.utf-8	True
026723e23a4f1b279e20d9d2d3746a1dc4543b2d	2663	train	http://www.gutenberg.org/ebooks/2663.txt.utf-8	True
02ec0dda4d6b545c8a180b4e66108f32acc7fefa	31619	train	http://www.gutenberg.org/ebooks/31619.txt.utf-8	True
03a048c35b81d8a422e0efd0d5de016b63659869	4017	train	http://www.gutenberg.org/ebooks/4017.txt.utf-8	True
04c16e307a71d8af0af39d10542144f7c059f17c	50922	train	http://www.gutenberg.org/files/50922/50922-0.txt	True
05000d20b404b4f3c6c34127dc3836fecad8f134	47604	train	http://www.gutenberg.org/files/47604/47604-0.txt	True
0540453463a383489fdcdbb41ae4264e5ca866a2	50736	train	http://www.gutenberg.org/ebooks/50736.txt.utf-8	True
05c77e71c5f919af1ae72442febd204b03563f93	383	train	http://www.gutenberg.org/ebooks/383.txt.utf-8	True
05d2346e34d9a4140e0d30ee311c21aab82bc850	6422	train	http://www.gutenberg.org/ebooks/6422.txt.utf-8	True
05f1a40c41101a714a3ace0359d4a550d908742e	154	train	http://www.gutenberg.org/ebooks/154.txt.utf-8	True
0619e886fb3167a3d70f4d191754a82b3f9ecf7f	17460	train	http://www.gutenberg.org/ebooks/17460.txt.utf-8	True
07115dadb9d1831d9a0951dd1c392587dfcae9df	45133	train	http://www.gutenberg.org/ebooks/45133.txt.utf-8	True
0751de79bc881dbad592bd427a0c2fe65ed3618f	3807	train	http://www.gutenberg.org/ebooks/3807.txt.utf-8	True
084e3e9625f032d6fc7454e94841a6045a0454e8	42529	train	http://www.gutenberg.org/ebooks/42529.txt.utf-8	True
08c82f15d7abcf717059f263e25c56adccefb12a	14407	train	http://www.gutenberg.org/ebooks/14407.txt.utf-8	True
09355a61a4d84807f9533f31d3263809cc486b6b	23053	train	http://www.gutenberg.org/ebooks/23053.txt.utf-8	True
0b5d946ecfbdeb6629ae3f8cd42f4c499892e4ce	1680	train	http://www.gutenberg.org/ebooks/1680.txt.utf-8	True
0b738a9a5aa340036c40877bc86ac49e102cc5f8	21873	train	http://www.gutenberg.org/ebooks/21873.txt.utf-8	True
0b9c36c9ed7054b8879daec163f52d1491264a55	6753	train	http://www.gutenberg.org/ebooks/6753.txt.utf-8	True
0bb7c49bd644d0a4c0ea9fd6239e84c07013a811	34280	train	http://www.gutenberg.org/ebooks/34280.txt.utf-8	True
0bc9bac5aa5a407fd2cca4cdefcde62ae41a98ca	27951	train	http://www.gutenberg.org/ebooks/27951.txt.utf-8	True
0bff02718921b6f106c87a5418f29553790954af	33913	train	http://www.gutenberg.org/ebooks/33913.txt.utf-8	True
0d6f958d03124c4176549fce64ed4e7849e351f9	41646	train	http://www.gutenberg.org/ebooks/41646.txt.utf-8	True
0e386fb9ead81ac7dbda4798564ab2f7968234c8	2276	train	http://www.gutenberg.org/ebooks/2276.txt.utf-8	True
0e453816e78ebb5abeaf4ea5dc283e1455fd57f9	23997	train	http://www.gutenberg.org/ebooks/23997.txt.utf-8	True
0ef5efeecf9cddb676e5a2072bd4a04d085fe2fd	10943	train	http://www.gutenberg.org/ebooks/10943.txt.utf-8	True
0f849890e27fd05b9a8683d111f489515db72ea4	35173	train	http://www.gutenberg.org/ebooks/35173.txt.utf-8	True
0fec426130719e5a0ede16a2944f437415917462	2355	train	http://www.gutenberg.org/files/2355/2355-0.txt	True
105672e2bb1bcc9dd50e90822ca49a66876ac198	1298	train	http://www.gutenberg.org/ebooks/1298.txt.utf-8	True
11545d73892f9fedd42044f9fa098de4bf33ec18	611	train	http://www.gutenberg.org/ebooks/611.txt.utf-8	True
11ac9bf7f55ee9d40df3c0ba117c6914dd6ed9e6	2098	train	http://www.gutenberg.org/ebooks/2098.txt.utf-8	True
11bea904fdb02ad88a14a724e901f819e952784f	47342	train	http://www.gutenberg.org/ebooks/47342.txt.utf-8	True
11fd944eb62dfdbf040dce9f4192dd6b6e69c352	17792	train	http://www.gutenberg.org/ebooks/17792.txt.utf-8	True
120f3a2285b2a742f63b95f7e1fee5e498d08cb0	1268	train	http://www.gutenberg.org/ebooks/1268.txt.utf-8	True
1225b1acc92c2554e91c09639f86c1d75f8e9161	34970	train	http://www.gutenberg.org/ebooks/34970.txt.utf-8	True
12d6955c88a3d48c00cde7853e47a4dcd5020b60	2696	train	http://www.gutenberg.org/files/2696/2696-0.txt	True
1343fe0f3a4293a8d5a214cd30e857f9abe77ebb	30852	train	http://www.gutenberg.org/ebooks/30852.txt.utf-8	True
14cf73f1ec951d3a30810cb0b36d510124c71ec6	44867	train	http://www.gutenberg.org/ebooks/44867.txt.utf-8	True
14d3ae5cbf989a9176c4ceda975b193338a2de84	1079	train	http://www.gutenberg.org/ebooks/1079.txt.utf-8	True
17423260aeaf5dede7a635b123708948eaa7ef4a	17314	train	http://www.gutenberg.org/ebooks/17314.txt.utf-8	True
1773a177343713782c2437b460f5399aae80e18c	4264	train	http://www.gutenberg.org/ebooks/4264.txt.utf-8	True
188018ccc8e85acfd097bc4f502a7f9463af2ca1	2847	train	http://www.gutenberg.org/ebooks/2847.txt.utf-8	True
188e11abcd525cfdb83f68276a23e8de20534d3c	6098	train	http://www.gutenberg.org/ebooks/6098.txt.utf-8	True
1905d5891ab7c5797b3b59ccf1c206059ed73888	7522	train	http://www.gutenberg.org/ebooks/7522.txt.utf-8	True
1915f92c4152b867fa9bee83e61b901983f8a3ea	4537	train	http://www.gutenberg.org/ebooks/4537.txt.utf-8	True
193805049ab9d8f8f745cee9d77d8d2ea8cc9a2d	432	train	http://www.gutenberg.org/ebooks/432.txt.utf-8	True
197c316d6255c3f1542b55d366023a8ce2867e16	1715	train	http://www.gutenberg.org/ebooks/1715.txt.utf-8	True
19f65d45dd5159fb960036276b7cdb306dd2b029	5090	train	http://www.gutenberg.org/ebooks/5090.txt.utf-8	True
1a26b476901a0785835b0ebeecaae3a212b026ef	23000	train	http://www.gutenberg.org/ebooks/23000.txt.utf-8	True
1a8098e49cbf3df223c434c5d134bf9453a5a82e	24880	train	http://www.gutenberg.org/ebooks/24880.txt.utf-8	True
1ae5346d34d86c974f8893001ca8bd6bb99d750c	9830	train	http://www.gutenberg.org/ebooks/9830.txt.utf-8	True
1b458192e39bd7fdf10e69d6b975844a211e72a9	1161	train	http://www.gutenberg.org/ebooks/1161.txt.utf-8	True
1bf46ea21ef903f8d75bd213ea9cc39ae8f4be18	45038	train	http://www.gutenberg.org/ebooks/45038.txt.utf-8	True
1c64744acb7e41887938c2e9b0cf6b2f85e92921	1164	train	http://www.gutenberg.org/ebooks/1164.txt.utf-8	True
1cb9eac7e7352cd7cac800000c09c244ae2ce13f	49525	train	http://www.gutenberg.org/ebooks/49525.txt.utf-8	True
1dcd41b8faacf141817133954ff78291593520b5	1586	train	http://www.gutenberg.org/ebooks/1586.txt.utf-8	True
1e04f3b20834b9f38a91ef92cbceb5c666896615	49754	train	http://www.gutenberg.org/ebooks/49754.txt.utf-8	True
1e44e31fb8bb26dc8aae3ca3cd7131acb59a447f	1366	train	http://www.gutenberg.org/ebooks/1366.txt.utf-8	True
1f3c4d904224764b1305205dfa99eae47c63240b	2166	train	http://www.gutenberg.org/ebooks/2166.txt.utf-8	True
1f72c35054e8f6072d17032074496f0a60ff493a	126	train	http://www.gutenberg.org/ebooks/126.txt.utf-8	True
2101dfafc654880e081ab5d54326a0fc9d4809f2	1640	train	http://www.gutenberg.org/ebooks/1640.txt.utf-8	True
216a7a5535571aae2842944a3529fae1f664cb0f	3785	train	http://www.gutenberg.org/ebooks/3785.txt.utf-8	True
21f3fcbf22d864a5d6a0c3830df19459d402706c	1930	train	http://www.gutenberg.org/ebooks/1930.txt.utf-8	True
2209f93b0dc6420ccff949132228eebef584f72b	1081	train	http://www.gutenberg.org/ebooks/1081.txt.utf-8	True
229bcf6a72dbf68b2b074ab4266fa677da43f68d	7942	train	http://www.gutenberg.org/ebooks/7942.txt.utf-8	True
22d80f4823a64ed818417fcf2d172222f0f18bbf	30142	train	http://www.gutenberg.org/ebooks/30142.txt.utf-8	True
23d714a29b2f616294786c502de251845f10e4ef	2667	train	http://www.gutenberg.org/ebooks/2667.txt.utf-8	True
23fa36d9def95414a50968d216460d52f3dd3653	2062	train	http://www.gutenberg.org/ebooks/2062.txt.utf-8	True
240ce3ba97e6969e93aa7e23bd384be181c49387	21051	train	http://www.gutenberg.org/ebooks/21051.txt.utf-8	True
254ce2e2522625e70a10c88ef265769083049b46	26624	train	http://www.gutenberg.org/ebooks/26624.txt.utf-8	True
25827f8dc98f34529b019ac26dda8ef7d76f241d	5083	train	http://www.gutenberg.org/files/5083/5083-0.txt	True
269ffd1de413e4556ac009ffabd821a869fdf75d	10720	train	http://www.gutenberg.org/files/10720/10720-0.txt	True
26d28abf2a82bf87357e2b62234d22b8c2bfe042	32094	train	http://www.gutenberg.org/ebooks/32094.txt.utf-8	True
2744ec7751c610a232109e13740c308ad05c9ca0	1755	train	http://www.gutenberg.org/ebooks/1755.txt.utf-8	True
28eb6b741d8facc2425a20e4c01592850206f0fd	9	train	http://www.gutenberg.org/ebooks/9.txt.utf-8	True
295d5533ffd87d5ff68f51902e13559bac902085	211	train	http://www.gutenberg.org/ebooks/211.txt.utf-8	True
2a5fa9ea07b66ac0c558f0148e79aa8f48d2d773	94	train	http://www.gutenberg.org/ebooks/94.txt.utf-8	True
2b5468141ef0e57d4635249e7d9d9ff6039d18f4	3294	train	http://www.gutenberg.org/ebooks/3294.txt.utf-8	True
2c882e70f540d28c884fcedd83fc2c893c6dcbdf	28988	train	http://www.gutenberg.org/ebooks/28988.txt.utf-8	True
2c95f19262336fda469b8831a131c1a4fe31fd9b	45	train	http://www.gutenberg.org/ebooks/45.txt.utf-8	True
2cf851eeec79ada442b42d8d17d99cf24dbbb157	49461	train	http://www.gutenberg.org/ebooks/49461.txt.utf-8	True
2e4f0851debe2ecf77de6a18d0007f176acbd78e	14304	train	http://www.gutenberg.org/ebooks/14304.txt.utf-8	True
2ec273117d26cd70933849d2a74327d04865a790	11654	train	http://www.gutenberg.org/ebooks/11654.txt.utf-8	True
3008d5b4f1072a80665533c5bfe7416e18693846	364	train	http://www.gutenberg.org/ebooks/364.txt.utf-8	True
301cb14d65a257ef05cf122e2c0635b531d6e33c	36612	train	http://www.gutenberg.org/ebooks/36612.txt.utf-8	True
30337c485ea9d6d657be1ff17823e94b0a531550	1056	train	http://www.gutenberg.org/ebooks/1056.txt.utf-8	True
30e4ebaa85c10ecdea85e7e7fce9c8c3e86081dc	160	train	http://www.gutenberg.org/ebooks/160.txt.utf-8	True
311862def6b1e7d1cdf16a9b797f554e1dce866f	3499	train	http://www.gutenberg.org/ebooks/3499.txt.utf-8	True
324c7aa534095d4c227bf6459e5d302185d96cb5	36238	train	http://www.gutenberg.org/ebooks/36238.txt.utf-8	True
339a7a65cc21054c3b86fcc1b089b96ded1db7e5	6782	train	http://www.gutenberg.org/ebooks/6782.txt.utf-8	True
33beeecef8e727e7cf85f29acb4db7e3cc683c95	6450	train	http://www.gutenberg.org/ebooks/6450.txt.utf-8	True
33e2da2b7d2b57cad0fa960b31444c14afeb2056	2027	train	http://www.gutenberg.org/ebooks/2027.txt.utf-8	True
34908951494645a49e708b68ff7cf2bb212da78e	37775	train	http://www.gutenberg.org/ebooks/37775.txt.utf-8	True
34d16136feb3eba74060953631414400f9a3cb20	1269	train	http://www.gutenberg.org/ebooks/1269.txt.utf-8	True
3620f82c20f8fbccf5690bb0539c6c61147a3da1	6406	train	http://www.gutenberg.org/files/6406/6406-0.txt	True
36aeff55596623a6b66445379010c2a762ef920f	1685	train	http://www.gutenberg.org/ebooks/1685.txt.utf-8	True
36ed923f4e2c148dc5dc3570efaf847163619091	172	train	http://www.gutenberg.org/ebooks/172.txt.utf-8	True
36f289475bb4ac89b368e999a9e911affcd070bf	10001	train	http://www.gutenberg.org/ebooks/10001.txt.utf-8	True
37aa5b62014dc2e1e6f7202fed40f51c34dd680d	6407	train	http://www.gutenberg.org/files/6407/6407-0.txt	True
37fa67ed55fc62766b9a5f0edcafcc360131aebb	4240	train	http://www.gutenberg.org/ebooks/4240.txt.utf-8	True
3814678082b0220670ba08375b01665e7cd1c56d	34378	train	http://www.gutenberg.org/ebooks/34378.txt.utf-8	True
3907cf252b326a524485348ba766c9d55b691ed2	932	train	http://www.gutenberg.org/ebooks/932.txt.utf-8	True
39ab35eb8bdecda3cfd79433774fc63c7c699171	506	train	http://www.gutenberg.org/ebooks/506.txt.utf-8	True
39fcd8f28d3cf91de459a71953a9ecaaea9f82b5	1718	train	http://www.gutenberg.org/ebooks/1718.txt.utf-8	True
3b017861cf026262a8fa4a2027a51f3218d38b13	1895	train	http://www.gutenberg.org/ebooks/1895.txt.utf-8	True
3b44f7e2fd553e6026c16fac3b179346a49647a3	20288	train	http://www.gutenberg.org/ebooks/20288.txt.utf-8	True
3b8b81b1451f953bfb01844ddd98542956290829	3808	train	http://www.gutenberg.org/ebooks/3808.txt.utf-8	True
3c3dcc7b23c9b81de635e563ed1ee52b52a895c0	14540	train	http://www.gutenberg.org/ebooks/14540.txt.utf-8	True
3d59cad31537c384e1fde9cc33c518595115a621	31274	train	http://www.gutenberg.org/ebooks/31274.txt.utf-8	True
3d899bf5c2bc4b561621b01e2255268800141fdd	24590	train	http://www.gutenberg.org/ebooks/24590.txt.utf-8	True
3e6619168f67d135d8d3215e064e5d814168adc1	4318	train	http://www.gutenberg.org/ebooks/4318.txt.utf-8	True
3e7f4a7762e1820edce17e273d8d03791647c9ae	4313	train	http://www.gutenberg.org/ebooks/4313.txt.utf-8	True
3e9236a2abd5ae86c11292235cde0648042a60a0	34000	train	http://www.gutenberg.org/ebooks/34000.txt.utf-8	True
3e9666459feb414586d9d23b51c8a020bacc150a	1604	train	http://www.gutenberg.org/ebooks/1604.txt.utf-8	True
3efaacf0a0463fd5b929a61314f0b2f21272e9ab	27922	train	http://www.gutenberg.org/ebooks/27922.txt.utf-8	True
3f5e6852ff7282e86943a3a0d48a3e10490d9f6b	40300	train	http://www.gutenberg.org/ebooks/40300.txt.utf-8	True
40a0872b40344eac6dfdc73e7bbb984e5ac49bac	419	train	http://www.gutenberg.org/ebooks/419.txt.utf-8	True
412fc8a0c1245cedcbb73ccdbd2295c77548d178	26635	train	http://www.gutenberg.org/ebooks/26635.txt.utf-8	True
418694b1eaa0733da2c3605495c0d84901f522b0	1403	train	http://www.gutenberg.org/ebooks/1403.txt.utf-8	True
4201851cbf27a7c9dba84c3c1b5ff5e46ca6c8fc	175	train	http://www.gutenberg.org/ebooks/175.txt.utf-8	True
424b3b5481b6fa3c49c83f8c347e7ccac9ceb163	876	train	http://www.gutenberg.org/ebooks/876.txt.utf-8	True
432cfe548f1f51045f8cba8f8f50e4e0e47a0771	1683	train	http://www.gutenberg.org/ebooks/1683.txt.utf-8	True
43b69d56cf0ea21266b7fba20c34e00be12d0dea	6792	train	http://www.gutenberg.org/ebooks/6792.txt.utf-8	True
43ed57d07fc5da860ec08b1102bb319670801978	28552	train	http://www.gutenberg.org/ebooks/28552.txt.utf-8	True
44287f57e8bc2b329dbd0d5750e6747781ae50fe	27067	train	http://www.gutenberg.org/ebooks/27067.txt.utf-8	True
44340b5ad75b693029def097ee3836366776eda1	24000	train	http://www.gutenberg.org/ebooks/24000.txt.utf-8	True
4499cd7074278be578db6861f7862c3a846e1f5d	102	train	http://www.gutenberg.org/ebooks/102.txt.utf-8	True
44c8278a7dc6f876636f0979bb645cf98ae1df0f	9603	train	http://www.gutenberg.org/ebooks/9603.txt.utf-8	True
456e5a330da462f6fca6766a90b843e47d288e9c	32338	train	http://www.gutenberg.org/ebooks/32338.txt.utf-8	True
46117f49c49ea357ba44983898397b0f5643af05	942	train	http://www.gutenberg.org/ebooks/942.txt.utf-8	True
468626e102aee912149361c5c59a2359f44439fb	7050	train	http://www.gutenberg.org/ebooks/7050.txt.utf-8	True
47b4955fca17af174e1a45b7ff981ce68f3625f8	23731	train	http://www.gutenberg.org/ebooks/23731.txt.utf-8	True
47b87e0644aa06769be5487d802a3f37d17a3a9d	4526	train	http://www.gutenberg.org/ebooks/4526.txt.utf-8	True
4804e3cb47efb800824d8afa23196cdcb0ffca11	10523	train	http://www.gutenberg.org/ebooks/10523.txt.utf-8	True
4928fbeba0cc0a49fee877943c00d3a155985efc	29257	train	http://www.gutenberg.org/ebooks/29257.txt.utf-8	True
492dd783e10bce6daf818b550715b9e2c73252dc	3095	train	http://www.gutenberg.org/ebooks/3095.txt.utf-8	True
4a671a90328ce7556f2582b163269a5e4c5aa5db	32146	train	http://www.gutenberg.org/ebooks/32146.txt.utf-8	True
4b14ba59756696a72d9520a9d2812471313a3b93	10743	train	http://www.gutenberg.org/ebooks/10743.txt.utf-8	True
4b166acdb5c93528532ddc12451c7f0befb8d212	30101	train	http://www.gutenberg.org/ebooks/30101.txt.utf-8	True
4b5d8c80075afad5ee734fa4bc84a80574a02675	22958	train	http://www.gutenberg.org/ebooks/22958.txt.utf-8	True
4b687c107c958aa724d6cb584e692bb1b065caaf	2360	train	http://www.gutenberg.org/ebooks/2360.txt.utf-8	True
4b85f49075da3786517b24ad42a0ee430fb21fe5	7171	train	http://www.gutenberg.org/ebooks/7171.txt.utf-8	True
4c428ffec939a3607a4da2e68ca684c03f6e8959	30188	train	http://www.gutenberg.org/ebooks/30188.txt.utf-8	True
4ca62421b3a470677c302b5bc488870e0f09137c	6593	train	http://www.gutenberg.org/ebooks/6593.txt.utf-8	True
4d36547aa42b054fa6e8ee99e541acb8b0070fc0	19819	train	http://www.gutenberg.org/files/19819/19819-0.txt	True
4db23116ec1059a6f94867461edf45596d20f8d2	18868	train	http://www.gutenberg.org/ebooks/18868.txt.utf-8	True
4dcfb547a77a706c9436a0e1960c0a9ffd1ec18f	113	train	http://www.gutenberg.org/ebooks/113.txt.utf-8	True
50345c156f654c89d5971698aa25adfbdd0483c4	1601	train	http://www.gutenberg.org/ebooks/1601.txt.utf-8	True
505d50d3d0e05c17a28348c30da57b00118b81fd	1589	train	http://www.gutenberg.org/ebooks/1589.txt.utf-8	True
5072c80a5e769f39362dfb24b630e674d0f999f7	30836	train	http://www.gutenberg.org/ebooks/30836.txt.utf-8	True
518b93650f7e95289f694bccd0fd9f2da1d12369	4084	train	http://www.gutenberg.org/files/4084/4084-0.txt	True
51cedbf45dd013dd9c6aca1e1dacd1beb7737b34	367	train	http://www.gutenberg.org/ebooks/367.txt.utf-8	True
51f9c56f45344175cdd87a017a76c7a01d9ae949	1051	train	http://www.gutenberg.org/ebooks/1051.txt.utf-8	True
5200e75f4a31da29a89ea5542261a0533773a500	171	train	http://www.gutenberg.org/ebooks/171.txt.utf-8	True
522b857d537c17bcf6d7457e7b567a7fd50e9f0d	10554	train	http://www.gutenberg.org/ebooks/10554.txt.utf-8	True
531a9eee35e85b8a6912996092d1fe1d76c6fdf4	3733	train	http://www.gutenberg.org/ebooks/3733.txt.utf-8	True
536558ac7e53cbcc0602600f3ccc1ba85e05b764	40203	train	http://www.gutenberg.org/ebooks/40203.txt.utf-8	True
5414312a78b21f901f3d2ba656296748c64b1444	90	train	http://www.gutenberg.org/ebooks/90.txt.utf-8	True
54f04704d9681890146d9966a49239ab0a5c23cc	4969	train	http://www.gutenberg.org/ebooks/4969.txt.utf-8	True
551f029f5648aad782dd5aac3fd2fe453c6c6109	12341	train	http://www.gutenberg.org/ebooks/12341.txt.utf-8	True
560fa958f9d6dafe230530dcb1f8788477d0b699	25021	train	http://www.gutenberg.org/ebooks/25021.txt.utf-8	True
571556120960f1940d0aa86b07dab9f9be0ee182	3544	train	http://www.gutenberg.org/ebooks/3544.txt.utf-8	True
5762ca3fac281a1259c97e0bc3cab99c6f27745a	3728	train	http://www.gutenberg.org/ebooks/3728.txt.utf-8	True
57669ca4e799e01c9f6e4d1ed2088f7f02765108	910	train	http://www.gutenberg.org/ebooks/910.txt.utf-8	True
57dab7ea9393dddf1a0d1ebb56306b328d287141	32256	train	http://www.gutenberg.org/ebooks/32256.txt.utf-8	True
57dd0337b2fc1821f75618b2ba1e8d78c504b2f8	62	train	http://www.gutenberg.org/ebooks/62.txt.utf-8	True
580cca514fc51524f646f8ec306128d42b17b665	51099	train	http://www.gutenberg.org/files/51099/51099-0.txt	True
581e4f821d5275f6a6e9f4e5b64844d9fd92cd0b	1369	train	http://www.gutenberg.org/ebooks/1369.txt.utf-8	True
58af565e7d904df9ff566aa6599eac6001dd77d4	4554	train	http://www.gutenberg.org/files/4554/4554-0.txt	True
598ad8540bb3851e7347cda52466e566cda0cccf	32759	train	http://www.gutenberg.org/ebooks/32759.txt.utf-8	True
598ccb8c2af5e80a4604113957c573b6b5a523e6	21736	train	http://www.gutenberg.org/ebooks/21736.txt.utf-8	True
59d290894fce8fcea5e3f5df09e937535ae58893	10124	train	http://www.gutenberg.org/ebooks/10124.txt.utf-8	True
59d82e2667b4cbdae7869774d63ece4bb4176481	8394	train	http://www.gutenberg.org/ebooks/8394.txt.utf-8	True
5ac3d5e216b574eccf17acf5dad1524b8f84dddf	222	train	http://www.gutenberg.org/ebooks/222.txt.utf-8	True
5adcaefee3be670642adf44400e9da6f0235eff7	642	train	http://www.gutenberg.org/files/642/642-0.txt	True
5ae39df9a568442600cbc2ff2c223e87f2ed4acf	18458	train	http://www.gutenberg.org/ebooks/18458.txt.utf-8	True
5afbae4b68c7167cbf9068d916ac323aa4a95d0a	1873	train	http://www.gutenberg.org/ebooks/1873.txt.utf-8	True
5b47447fc2a6ec696cd2b6d3de7473d715b75223	9312	train	http://www.gutenberg.org/ebooks/9312.txt.utf-8	True
5bac8c9c918869b5e59fab36c21fbd914f0e26a0	13511	train	http://www.gutenberg.org/ebooks/13511.txt.utf-8	True
5d98d6db87225fde51cea450d8712cb6073df2e7	2414	train	http://www.gutenberg.org/ebooks/2414.txt.utf-8	True
5e51efd017946e72a87da7f0c589b3b3aefdf5ec	10096	train	http://www.gutenberg.org/ebooks/10096.txt.utf-8	True
5ebba624b541052be18e8fe9715dd76d7d2a9f57	968	train	http://www.gutenberg.org/ebooks/968.txt.utf-8	True
5ed5c13f17141e243fab9c10c511f2e19333c52e	13159	train	http://www.gutenberg.org/ebooks/13159.txt.utf-8	True
5f1a17e28f5bf12c6b2b5e740eea7df6fd055411	209	train	http://www.gutenberg.org/ebooks/209.txt.utf-8	True
5f6c1b6360c73d8e677d9afb7aeb7cf722e79b46	4297	train	http://www.gutenberg.org/ebooks/4297.txt.utf-8	True
5f6df6afc107cfc05dd4bfc6fe963ae89aa9ab7f	43111	train	http://www.gutenberg.org/ebooks/43111.txt.utf-8	True
6023bce51da121490e56cac51d6e1048afbcf89b	363	train	http://www.gutenberg.org/ebooks/363.txt.utf-8	True
6037c8d1ab3bd11a8ce68d1319805be7f27bb2d9	16804	train	http://www.gutenberg.org/ebooks/16804.txt.utf-8	True
604973478b38d259afd9aa46cfcf3ef652e4e41e	208	train	http://www.gutenberg.org/ebooks/208.txt.utf-8	True
611816a18317e38abc3925764071c6642d0b5dfe	1154	train	http://www.gutenberg.org/files/1154/1154-0.txt	True
6170d11ebfa00d85063ebe89d214cc6db25e6404	852	train	http://www.gutenberg.org/ebooks/852.txt.utf-8	True
618d2f89837edfa994dc76be81ddfb7a39434754	1695	train	http://www.gutenberg.org/ebooks/1695.txt.utf-8	True
61ea6d12378050c7293a15a1840045f02a5e0b04	463	train	http://www.gutenberg.org/ebooks/463.txt.utf-8	True
634532a39b97cfa3270d6fea7e1502f45f210b50	14522	train	http://www.gutenberg.org/ebooks/14522.txt.utf-8	True
644bc48c61db7d55bee0e9fd7f5cfc83f520a976	816	train	http://www.gutenberg.org/ebooks/816.txt.utf-8	True
649b0226185fca8a5bbfedb6fa0c2688c271f8be	1608	train	http://www.gutenberg.org/ebooks/1608.txt.utf-8	True
651a041fdae2f242a0b254eeb7fe1526fc2e093a	107	train	http://www.gutenberg.org/ebooks/107.txt.utf-8	True
65ba9ee675bf87cff5d76e2a27c0652adb69381b	1232	train	http://www.gutenberg.org/ebooks/1232.txt.utf-8	True
66b2162649e752116e5f975088df9d7ee7f8401a	1064	train	http://www.gutenberg.org/ebooks/1064.txt.utf-8	True
67161aa1a00a7151b4b0d43229d177363f8c5568	2413	train	http://www.gutenberg.org/ebooks/2413.txt.utf-8	True
680f6eb1643e7424ed8735e35af705142a6b0b62	18428	train	http://www.gutenberg.org/ebooks/18428.txt.utf-8	True
68e4c21a5ff3a6ffb04ccdb9831d549b7ebfc90e	2815	train	http://www.gutenberg.org/ebooks/2815.txt.utf-8	True
690d125ac5be2294cfb3af1cc95cfb5b3faa1366	521	train	http://www.gutenberg.org/files/521/521-0.txt	True
692d7e93fd4714b12853d76b453e4bfeef8c3ac6	36603	train	http://www.gutenberg.org/ebooks/36603.txt.utf-8	True
6963fca5fa63778623b93b656f9da7389aad065c	4093	train	http://www.gutenberg.org/ebooks/4093.txt.utf-8	True
698b8ef8efd1e1191c0c188f1767e1e2e7e5a12c	5071	train	http://www.gutenberg.org/ebooks/5071.txt.utf-8	True
6a659de3aa344680261aaf152a26bf7a20fe22f2	3155	train	http://www.gutenberg.org/files/3155/3155-0.txt	True
6b63890ba5900ef88f6a04c5da1b522bb618a9c8	6791	train	http://www.gutenberg.org/ebooks/6791.txt.utf-8	True
6b802a81a62df7b9bf1ce142f1766397c3ed9ef9	16753	train	http://www.gutenberg.org/ebooks/16753.txt.utf-8	True
6b881cac500f954036851b4545272674389b0e82	3296	train	http://www.gutenberg.org/ebooks/3296.txt.utf-8	True
6b94891a91a8eeb5618a0575d341338cf0d9a82f	1249	train	http://www.gutenberg.org/ebooks/1249.txt.utf-8	True
6bb78f3d321f2a5b63edf9ffcfb4900f73ecd4dc	1399	train	http://www.gutenberg.org/files/1399/1399-0.txt	True
6bdca41d52b739bac71883b99a5a49c9c4afb05a	5137	train	http://www.gutenberg.org/ebooks/5137.txt.utf-8	True
6e0473730d1d65dc684496b943863033e13093c4	32405	train	http://www.gutenberg.org/ebooks/32405.txt.utf-8	True
6e3b7afa7408ab6c6f63b29841f1ed5139311571	897	train	http://www.gutenberg.org/ebooks/897.txt.utf-8	True
6f1e8b48580a3f57556ea3fcb129bb0024cf1567	25579	train	http://www.gutenberg.org/ebooks/25579.txt.utf-8	True
6f3ad450626da555b1420ec128ed1c4fbab64ac8	767	train	http://www.gutenberg.org/files/767/767-0.txt	True
6fc88efa5357b958b072332a14efd3e33cf4e4c0	7998	train	http://www.gutenberg.org/ebooks/7998.txt.utf-8	True
6fe349aaec027415d3cf64f2e667ea425908f004	153	train	http://www.gutenberg.org/ebooks/153.txt.utf-8	True
706d21321f927fefba090bf9af88835ac99035b0	1118	train	http://www.gutenberg.org/ebooks/1118.txt.utf-8	True
7106fc99070090d24c52168a4d1e0727b296fa20	22162	train	http://www.gutenberg.org/ebooks/22162.txt.utf-8	True
7162d653cc3ccecd569009c27b38dac1da6499ee	5364	train	http://www.gutenberg.org/ebooks/5364.txt.utf-8	True
734b9fb0720e2ae157c8a35a7d8f5e9878a56862	507	train	http://www.gutenberg.org/ebooks/507.txt.utf-8	True
738d49798508ebd054495ad3d38276ff8bfda0ff	51263	train	http://www.gutenberg.org/ebooks/51263.txt.utf-8	True
73c7be237bdfb805034477c22066367b6ce7ddb3	17854	train	http://www.gutenberg.org/ebooks/17854.txt.utf-8	True
7509505e9ad6632c32e3f831f2d1026aeb6a6f77	2302	train	http://www.gutenberg.org/ebooks/2302.txt.utf-8	True
75871827f179df4ea960b4d93054d165cc042895	3490	train	http://www.gutenberg.org/ebooks/3490.txt.utf-8	True
759acf6f6cdbe61db831a1c7c2771d18bd5f68d3	20749	train	http://www.gutenberg.org/ebooks/20749.txt.utf-8	True
75ff8bb86422bbcd3a2d0437fa6c239369ec498f	619	train	http://www.gutenberg.org/ebooks/619.txt.utf-8	True
762a9ff01da2e8fd7382f8b52b1dd86d98a1b07f	325	train	http://www.gutenberg.org/ebooks/325.txt.utf-8	True
76704480af32a57c3b72444e2fbe5cf855df37e8	34989	train	http://www.gutenberg.org/files/34989/34989-0.txt	True
76783b0515e8ebb6a307c36483b8db10fac77aa9	2801	train	http://www.gutenberg.org/ebooks/2801.txt.utf-8	True
768366d935c37e96f191f524f69c047a48a1b35c	643	train	http://www.gutenberg.org/files/643/643-0.txt	True
778b1dc6fca050bfeb111f3e718d6fecce4bded4	17047	train	http://www.gutenberg.org/ebooks/17047.txt.utf-8	True
77e055181c15321c82ef247dc7f421a30433456f	4085	train	http://www.gutenberg.org/files/4085/4085-0.txt	True
7805e001c28ab9aa85f51b3244a9f57fe972f5a9	9800	train	http://www.gutenberg.org/ebooks/9800.txt.utf-8	True
7814d62ece4774fbcb2efb2fd7a2e33043e36cff	625	train	http://www.gutenberg.org/ebooks/625.txt.utf-8	True
78ee76ea661bf5bc910ea56dcf0307b03f26a5f2	4301	train	http://www.gutenberg.org/ebooks/4301.txt.utf-8	True
79edfd3070a3b6ccf02a7cbf95254ba9fc95c649	10935	train	http://www.gutenberg.org/ebooks/10935.txt.utf-8	True
7a62a3ec3bf145c16d244dc44648220d13c05e50	49372	train	http://www.gutenberg.org/ebooks/49372.txt.utf-8	True
7aa7b07e8f87871690bf6f194d17adb9c6384ad4	29222	train	http://www.gutenberg.org/ebooks/29222.txt.utf-8	True
7af13ef84d5f06eaef3272bc0c266b1fd5589b7e	5684	train	http://www.gutenberg.org/ebooks/5684.txt.utf-8	True
7b25d55061c75827cd78d7b9d8920708bcdcc092	6709	train	http://www.gutenberg.org/ebooks/6709.txt.utf-8	True
7b537f9ad858afd3167828f7cf2d5ea47aa68c92	3364	train	http://www.gutenberg.org/files/3364/3364-0.txt	True
7c7aac6ea7b743af1d50a24a6adc38e248e6956c	12347	train	http://www.gutenberg.org/ebooks/12347.txt.utf-8	True
7d47230b4497695daed8e532fdf42dff38131e91	220	train	http://www.gutenberg.org/ebooks/220.txt.utf-8	True
7e2bef0b43cf243f513853e82e482d695801e42b	953	train	http://www.gutenberg.org/ebooks/953.txt.utf-8	True
7f15a08cde92f095f5abfe937b07769c1eee28fe	1438	train	http://www.gutenberg.org/ebooks/1438.txt.utf-8	True
7f94b72019ec44ea140e8ef4d40b1dcaa998b547	12103	train	http://www.gutenberg.org/ebooks/12103.txt.utf-8	True
7fc9e3ebe3d72f9d10a838c9b60ff8f6072a274f	1013	train	http://www.gutenberg.org/ebooks/1013.txt.utf-8	True
7fe863c608ba55d0443da0e1e6d5f92f1ece764e	2522	train	http://www.gutenberg.org/ebooks/2522.txt.utf-8	True
7ff1108c5bf35a718b6e8a25704eec6ff979a919	19651	train	http://www.gutenberg.org/ebooks/19651.txt.utf-8	True
8004891a07495f31f0a336429a5c8a05b452656b	42259	train	http://www.gutenberg.org/ebooks/42259.txt.utf-8	True
808f984fae3980115cdbe74d4fdb43f7912418fa	501	train	http://www.gutenberg.org/files/501/501-0.txt	True
81b98218c1a885f36dc98cbfc95bb3774a77eed1	16321	train	http://www.gutenberg.org/ebooks/16321.txt.utf-8	True
81e6f3041809c7dae5dc12e09201477945ae9077	21971	train	http://www.gutenberg.org/ebooks/21971.txt.utf-8	True
821b9a891aac7ceb29a0054e9e6d3eb7d2234af6	2765	train	http://www.gutenberg.org/ebooks/2765.txt.utf-8	True
824064fb9cee19809e9965768967fb741ea535ee	2860	train	http://www.gutenberg.org/ebooks/2860.txt.utf-8	True
83351acb498ae98e3b652dcbcdc3a615e83e2f63	1121	train	http://www.gutenberg.org/ebooks/1121.txt.utf-8	True
839d9397b6bd793cb316ae1e82bb353e2b8feb5f	2194	train	http://www.gutenberg.org/ebooks/2194.txt.utf-8	True
84cee84a08b01974cf25a3fee950be4c9ec2de66	24459	train	http://www.gutenberg.org/ebooks/24459.txt.utf-8	True
857de08da00f6167a805ff6275df43e68ce36a57	15422	train	http://www.gutenberg.org/ebooks/15422.txt.utf-8	True
85db9d0aeaffe48508d423775f6386c308b029c8	851	train	http://www.gutenberg.org/ebooks/851.txt.utf-8	True
86124527eecec5f80742149412e04a52909228e7	23227	train	http://www.gutenberg.org/ebooks/23227.txt.utf-8	True
87555ec174cc76683e18cd391876d49d6ef1c2c2	3735	train	http://www.gutenberg.org/ebooks/3735.txt.utf-8	True
880749f0e922a0d9c01fc048ba4e6e943d94b765	6491	train	http://www.gutenberg.org/ebooks/6491.txt.utf-8	True
88d575bc51b0fc2070db74f10d013f228120cae4	35991	train	http://www.gutenberg.org/ebooks/35991.txt.utf-8	True
88d8bd90a849185e7a783e1934cedbe938859c85	524	train	http://www.gutenberg.org/ebooks/524.txt.utf-8	True
8918f091ecb40e20e1597a4bb549cd925ba410a3	2160	train	http://www.gutenberg.org/files/2160/2160-0.txt	True
89310fab440108c81d027f0407ad1a8ed20f9c24	1484	train	http://www.gutenberg.org/ebooks/1484.txt.utf-8	True
8a7e6494d5895a4be094720ec4897e9b24abe222	14489	train	http://www.gutenberg.org/ebooks/14489.txt.utf-8	True
8ac0b889ea488a2592e625b5a6f82e02c7bfec04	468	train	http://www.gutenberg.org/ebooks/468.txt.utf-8	True
8b0d665484069bc3a2fee227f7c1899c4b90dcde	1376	train	http://www.gutenberg.org/ebooks/1376.txt.utf-8	True
8b68fcbf0b9d48dcdbf55abfec3a09c3caa16a1b	2046	train	http://www.gutenberg.org/ebooks/2046.txt.utf-8	True
8b6f5b48584406378734c720276da32e9d93adeb	6688	train	http://www.gutenberg.org/files/6688/6688-0.txt	True
8b9bb18676d9e322b4348f46fbf856107a645db3	14771	train	http://www.gutenberg.org/ebooks/14771.txt.utf-8	True
8b9c34999d5fc374b25721481ead2767aee00c76	436	train	http://www.gutenberg.org/ebooks/436.txt.utf-8	True
8c363b08c0232e49fcf1e41b00a1719e2fa0d157	179	train	http://www.gutenberg.org/ebooks/179.txt.utf-8	True
8dd563841466eb92bcc6d3fdc8af773fd7e1e5cf	1353	train	http://www.gutenberg.org/ebooks/1353.txt.utf-8	True
8de681acfa794beb0385e9cee4bf2fa51b9ea32c	4540	train	http://www.gutenberg.org/ebooks/4540.txt.utf-8	True
8dfa6c6983acd9e753b189a517a5996abdbbc8a8	949	train	http://www.gutenberg.org/ebooks/949.txt.utf-8	True
8e685836dcef55b25fe2e6622076dbe53844b161	11620	train	http://www.gutenberg.org/ebooks/11620.txt.utf-8	True
8f0f61996b30a8a3963719b2067473d77b1cb08f	2527	train	http://www.gutenberg.org/ebooks/2527.txt.utf-8	True
9001b135170722af260d09feca9be9d5e293aeef	14079	train	http://www.gutenberg.org/ebooks/14079.txt.utf-8	True
902585a8b22580b312f1ac76591192adf4e79e03	43325	train	http://www.gutenberg.org/ebooks/43325.txt.utf-8	True
90dfa4ccac8047bf5b7e06a9fb1178ccf8482968	18604	train	http://www.gutenberg.org/ebooks/18604.txt.utf-8	True
91cfe3c34cea7e7347e66827db198d1e67d73895	549	train	http://www.gutenberg.org/ebooks/549.txt.utf-8	True
922275a51723aed2075982860a49f986fee2a2e5	3790	train	http://www.gutenberg.org/ebooks/3790.txt.utf-8	True
9225235e797e38d6177ba6e3a9ed63d06168bee2	32032	train	http://www.gutenberg.org/ebooks/32032.txt.utf-8	True
92e3d1558dc50b861ca5d07bfef2f030b4e785e7	7813	train	http://www.gutenberg.org/ebooks/7813.txt.utf-8	True
934fbd3acf4433a952b49cfc004dd2b363b57faf	1400	train	http://www.gutenberg.org/ebooks/1400.txt.utf-8	True
93db5f57e96d7f15f55d9ef9e4bff6022dd2bef9	52603	train	http://www.gutenberg.org/ebooks/52603.txt.utf-8	True
94be0f70671c74fb1eb95f92eeb78601828f3fe8	11052	train	http://www.gutenberg.org/ebooks/11052.txt.utf-8	True
9561a72a7b909a62c43b5ff74e26103f7a03c4bc	41667	train	http://www.gutenberg.org/ebooks/41667.txt.utf-8	True
95714d841d8b02f51dc012464416863a48c7efff	29042	train	http://www.gutenberg.org/ebooks/29042.txt.utf-8	True
960df5ab918e52e7db2f5cf7ca49799326c51d09	14797	train	http://www.gutenberg.org/ebooks/14797.txt.utf-8	True
964b0f4d342647ea243f1e1156c2e691ff34e6e4	40264	train	http://www.gutenberg.org/ebooks/40264.txt.utf-8	True
96546ceb80de8303f5057f1f2f4cb9fa5d0a2b20	5140	train	http://www.gutenberg.org/ebooks/5140.txt.utf-8	True
96809d5bae3dc7d250e0d0eb811119c33f511824	1965	train	http://www.gutenberg.org/ebooks/1965.txt.utf-8	True
97e9cc82b3de2fda8a258cdf6c2e8662e7d1537c	31979	train	http://www.gutenberg.org/ebooks/31979.txt.utf-8	True
98985978eb32d828d54913a431c0803547e789bf	4015	train	http://www.gutenberg.org/ebooks/4015.txt.utf-8	True
989916b68c184be23de3334a7ee8ecfa4bdd2496	26779	train	http://www.gutenberg.org/ebooks/26779.txt.utf-8	True
991780bf52a8a596a25465dff974db075088e2d7	2344	train	http://www.gutenberg.org/ebooks/2344.txt.utf-8	True
9950d38eeb83f7bfa67bc56333d33661d18d452f	1089	train	http://www.gutenberg.org/ebooks/1089.txt.utf-8	True
9a03551bf48072d870d6aa0b3cbcd3028ca8e5ac	903	train	http://www.gutenberg.org/ebooks/903.txt.utf-8	True
9b567ac919aae1fa2a2a6d8e528b8ad8648b90fe	10850	train	http://www.gutenberg.org/ebooks/10850.txt.utf-8	True
9b827d8f4127cffdf56129bc91a3d2bbbdeb19a4	3289	train	http://www.gutenberg.org/ebooks/3289.txt.utf-8	True
9bd99dd1525e23d34c132f256ad8204cdf6fe089	1749	train	http://www.gutenberg.org/ebooks/1749.txt.utf-8	True
9c26a0e3cad380e2977b25e812a617e5083e73fd	43741	train	http://www.gutenberg.org/ebooks/43741.txt.utf-8	True
9c443f4b7fae5240b65a04b5648d20fede649249	34407	train	http://www.gutenberg.org/ebooks/34407.txt.utf-8	True
9cf95ffdf431fe1798c086f31cbf2a7efeb1f921	8995	train	http://www.gutenberg.org/ebooks/8995.txt.utf-8	True
9dc012f8cd7449629d2563aff2f72315ba6d83d5	7308	train	http://www.gutenberg.org/ebooks/7308.txt.utf-8	True
9e08f12783862b2e020fcec6a1f992dea0fbe4ab	1557	train	http://www.gutenberg.org/ebooks/1557.txt.utf-8	True
9e71e7b6c91472bafddd8c2d1344e84b5899ab2c	21741	train	http://www.gutenberg.org/ebooks/21741.txt.utf-8	True
9e82564a36eb80df18284bc5566221a05e87c28b	5658	train	http://www.gutenberg.org/ebooks/5658.txt.utf-8	True
9f0a853daffcf439934cbabb860d8d145dc5dd5f	913	train	http://www.gutenberg.org/ebooks/913.txt.utf-8	True
9f3553caee89c48b8f0ba947fa1a088dc9aca4a9	29405	train	http://www.gutenberg.org/ebooks/29405.txt.utf-8	True
9f95235a053cfb0c15f5681c02dc44fc0caf065d	26732	train	http://www.gutenberg.org/ebooks/26732.txt.utf-8	True
9ff140c1a8d2d147eaa956d8783481e401ab3beb	24574	train	http://www.gutenberg.org/ebooks/24574.txt.utf-8	True
a0046fa8fcc3e3e5d5205476e71e7b375e83158e	14671	train	http://www.gutenberg.org/ebooks/14671.txt.utf-8	True
a08ad894b1b65ce935b9e6355851246add65a03b	32939	train	http://www.gutenberg.org/ebooks/32939.txt.utf-8	True
a0dad21d83efe7d9865b299a3f8b343ff50ff7a5	158	train	http://www.gutenberg.org/ebooks/158.txt.utf-8	True
a294dfec39790706fbaf8a62b6ab00274fb7bf3b	1826	train	http://www.gutenberg.org/ebooks/1826.txt.utf-8	True
a396cef5286c5c07adbfc2a5d792402c1418d571	850	train	http://www.gutenberg.org/ebooks/850.txt.utf-8	True
a3d61931c82c31928c81e1e6662d42e151da09c3	49075	train	http://www.gutenberg.org/files/49075/49075-0.txt	True
a50e0b16f4c85587a6c89476c2f9f3ced9f4480c	13	train	http://www.gutenberg.org/ebooks/13.txt.utf-8	True
a553b1ede6a0837f7e65a03b1a6f6545997047e8	16831	train	http://www.gutenberg.org/ebooks/16831.txt.utf-8	True
a609dd939df7ec01fbdf9825d8ea999cd7ec0c95	50133	train	http://www.gutenberg.org/ebooks/50133.txt.utf-8	True
a61325dc1a5c7d385b2c23a52f22859d6e0cfb7d	1153	train	http://www.gutenberg.org/ebooks/1153.txt.utf-8	True
a6abf42f24dac561c0245f7638c6693d5a73bc28	6790	train	http://www.gutenberg.org/ebooks/6790.txt.utf-8	True
a71ea0ede601f09b48d88dbe9c060c60709a3a1c	543	train	http://www.gutenberg.org/ebooks/543.txt.utf-8	True
a743470139d60ce79ab225e60c80736546bf411b	151	train	http://www.gutenberg.org/ebooks/151.txt.utf-8	True
a7edd5dfe618e9d0fe3051af99e305362791e5e3	2852	train	http://www.gutenberg.org/ebooks/2852.txt.utf-8	True
a887641959e80961ce68baaf02efa0d3f2e18daa	35170	train	http://www.gutenberg.org/ebooks/35170.txt.utf-8	True
a8a662512e730c20619ab94ebdd86b19d7eeef7c	1345	train	http://www.gutenberg.org/ebooks/1345.txt.utf-8	True
a8a9976abcdea78a876f01bb592a693f4befb419	36481	train	http://www.gutenberg.org/ebooks/36481.txt.utf-8	True
a8e98a0a5f40a1eaa07a6219130671a51ea6eaac	6626	train	http://www.gutenberg.org/files/6626/6626-0.txt	True
a92d15a67e802a1ab4fbaeecb6b58914690059f8	4599	train	http://www.gutenberg.org/ebooks/4599.txt.utf-8	True
a9498e8974748cf3d5b25e455138591a6da4cf5e	11228	train	http://www.gutenberg.org/ebooks/11228.txt.utf-8	True
a9ab2d4a8d0fa3eaca128e041a6619d652c2d824	27472	train	http://www.gutenberg.org/ebooks/27472.txt.utf-8	True
aa38d6df737e5d8893dc9749f5d5aaf1f93da2c6	11030	train	http://www.gutenberg.org/ebooks/11030.txt.utf-8	True
aa90091614fb7750bb403710ba663ae3573db691	8525	train	http://www.gutenberg.org/files/8525/8525-0.txt	True
aae70f9eff5dbb5736c9ba09a3ee31b2e71504d4	21279	train	http://www.gutenberg.org/ebooks/21279.txt.utf-8	True
ab35e5d3266a05297db471612ce06095c5190649	1482	train	http://www.gutenberg.org/ebooks/1482.txt.utf-8	True
ab5002eb93483e1d54225a11441ec82d88c8fda0	1050	train	http://www.gutenberg.org/ebooks/1050.txt.utf-8	True
ab6a331009ebcbd2600bc3899b7f31c502344ce1	50893	train	http://www.gutenberg.org/ebooks/50893.txt.utf-8	True
ad5fe734ec4575e7ec381085bc294d4e10f9621f	375	train	http://www.gutenberg.org/ebooks/375.txt.utf-8	True
ae22f4943bbe95e00fc6c0f6e83f1958cf18dea2	447	train	http://www.gutenberg.org/ebooks/447.txt.utf-8	True
ae3efb0b2fda63f42da4951e42e315de58af6ed2	1244	train	http://www.gutenberg.org/files/1244/1244-0.txt	True
ae81f68f2aa2045e9da71e39f1b5b74a8c5329cf	33660	train	http://www.gutenberg.org/ebooks/33660.txt.utf-8	True
aeb4b0c7cd1faaae70c732656dddcbb56bf19b99	2813	train	http://www.gutenberg.org/ebooks/2813.txt.utf-8	True
b02faf174a846e2d426250c336ec8b27a61d90f6	3166	train	http://www.gutenberg.org/ebooks/3166.txt.utf-8	True
b063e2afb2fea948eeb22b94fde9fd804a285531	29228	train	http://www.gutenberg.org/ebooks/29228.txt.utf-8	True
b0b1bb0efc8a321227d3ab8244cff77d0c81e0eb	467	train	http://www.gutenberg.org/ebooks/467.txt.utf-8	True
b0cdfea5c6b7ac7a87b11c4d8527a4fdaa2a20f5	5366	train	http://www.gutenberg.org/ebooks/5366.txt.utf-8	True
b2ea4fae4188c23a975683eaeb43ed2ac698f7c0	2226	train	http://www.gutenberg.org/ebooks/2226.txt.utf-8	True
b2fd5522ca8f334235d3e481ff91ddd982e84d02	21020	train	http://www.gutenberg.org/files/21020/21020-0.txt	True
b346adfa183aaa8aa160f0abd662f3463adbaf56	18640	train	http://www.gutenberg.org/ebooks/18640.txt.utf-8	True
b3a3aa9733be6502e3df5dcd1658f2d436635fa9	30855	train	http://www.gutenberg.org/ebooks/30855.txt.utf-8	True
b3eaaceeb881c694c16219e34862ee313ee4a2ae	10662	train	http://www.gutenberg.org/ebooks/10662.txt.utf-8	True
b5085440d9a6b8582451b18e55ee5793892899e4	13884	train	http://www.gutenberg.org/ebooks/13884.txt.utf-8	True
b50f34d4c0a3723dd6bccd53886670c7f660b6d6	552	train	http://www.gutenberg.org/ebooks/552.txt.utf-8	True
b57cfffa1b8af82d2f3890200178338cec29a23f	15612	train	http://www.gutenberg.org/ebooks/15612.txt.utf-8	True
b589fa0ea6b329cdd5a74561fbb2dd6789b1ceb0	837	train	http://www.gutenberg.org/ebooks/837.txt.utf-8	True
b59cb0fec8ab3d00eac6fda0452ae326cb2993aa	550	train	http://www.gutenberg.org/ebooks/550.txt.utf-8	True
b5e8bad0c0071c50ed8594102c9988250c2c03b1	41350	train	http://www.gutenberg.org/ebooks/41350.txt.utf-8	True
b647893fdfa26378b3695d31bb6bc26aeebf1c56	5053	train	http://www.gutenberg.org/ebooks/5053.txt.utf-8	True
b66d9cbdacc98fc8b99223a620e562ae1e68ac45	16457	train	http://www.gutenberg.org/ebooks/16457.txt.utf-8	True
b67bc95cb196377649aacbf75c9dc42bfef6020e	1266	train	http://www.gutenberg.org/ebooks/1266.txt.utf-8	True
b6929410cdf5a28a9c50fd849964659b204787d4	2081	train	http://www.gutenberg.org/ebooks/2081.txt.utf-8	True
b6f65f8447d5268bdfeb7529edcf0c630683552b	5122	train	http://www.gutenberg.org/ebooks/5122.txt.utf-8	True
b71990cf4e30e2025d852c794b9f259e84d472cb	43281	train	http://www.gutenberg.org/ebooks/43281.txt.utf-8	True
b725c2e2f61f70af8132edb565dad8ef8ea9b155	38600	train	http://www.gutenberg.org/ebooks/38600.txt.utf-8	True
b73035c123d8fab8f2be18dd9759bedbf1bbaf20	52719	train	http://www.gutenberg.org/files/52719/52719-0.txt	True
b7524f5bddbb24c1d6d9db65138f9f36b0cb09ce	37712	train	http://www.gutenberg.org/ebooks/37712.txt.utf-8	True
b76d62907536d148bee9162f2a918110f055a60d	21553	train	http://www.gutenberg.org/ebooks/21553.txt.utf-8	True
b7e29b2f50e6e7fccc027144f4b2c90563e09916	32390	train	http://www.gutenberg.org/ebooks/32390.txt.utf-8	True
b80a117242fa3276dd8681007919fcae8770bd6e	11051	train	http://www.gutenberg.org/ebooks/11051.txt.utf-8	True
b9b1d29235c8e39aef27ce894e77a19955e6e51e	1537	train	http://www.gutenberg.org/ebooks/1537.txt.utf-8	True
b9ca8b4458e48f3c1343a11539ea52a848fd87ea	8147	train	http://www.gutenberg.org/files/8147/8147-0.txt	True
ba75a22b975fe4a286bf129a1a3c354b42a60012	25767	train	http://www.gutenberg.org/ebooks/25767.txt.utf-8	True
ba8ee38aaf59d57090798dcbe0db6ef416af6533	42455	train	http://www.gutenberg.org/files/42455/42455-0.txt	True
bcd47410647a9215fc84b4d00513380802444be8	1290	train	http://www.gutenberg.org/ebooks/1290.txt.utf-8	True
beae9fb6da18971914f1136467c3306e3fc1b92b	7256	train	http://www.gutenberg.org/ebooks/7256.txt.utf-8	True
bebb3d64b5731fd2cf2e4555686b4959eb2ac4f0	765	train	http://www.gutenberg.org/ebooks/765.txt.utf-8	True
bed28033bb026bab72948a943956649528e546c8	2369	train	http://www.gutenberg.org/ebooks/2369.txt.utf-8	True
beeb1f8eb3f489807712799a70d13c4dbcd7901d	161	train	http://www.gutenberg.org/ebooks/161.txt.utf-8	True
befbd270ccb59942c487104978f95446867b1e94	51461	train	http://www.gutenberg.org/ebooks/51461.txt.utf-8	True
bf55d1c14536c04c4b8f8cb18ea8dd490e986066	1188	train	http://www.gutenberg.org/ebooks/1188.txt.utf-8	True
bfa4337d607ac8fc05b9fe976d4f166d96cd99c4	495	train	http://www.gutenberg.org/ebooks/495.txt.utf-8	True
c02520de408977fcaac9839676ade39fa6ee95db	7766	train	http://www.gutenberg.org/ebooks/7766.txt.utf-8	True
c06e4f8169ac1b40871e2794133c8f506aec38ad	24762	train	http://www.gutenberg.org/ebooks/24762.txt.utf-8	True
c076132f85d25e9f249e1ec30126505eab64926c	10084	train	http://www.gutenberg.org/ebooks/10084.txt.utf-8	True
c0aa30a9c4eeace0c59ae36a6f9387b553e8c245	1565	train	http://www.gutenberg.org/ebooks/1565.txt.utf-8	True
c0d9cd53852bbae82b7af2c9acf6d9589142dec8	8387	train	http://www.gutenberg.org/ebooks/8387.txt.utf-8	True
c0df5742c269f5e2563a555d1d03cef454b4649f	2807	train	http://www.gutenberg.org/ebooks/2807.txt.utf-8	True
c1b9d85714e90baa217b02f44534a5207e971442	51804	train	http://www.gutenberg.org/ebooks/51804.txt.utf-8	True
c1ba78ebef932e25b8483dd050b2a5585ac7a2c2	440	train	http://www.gutenberg.org/ebooks/440.txt.utf-8	True
c2193fc3815805a7d95a72d4f28b02133a7db6de	25733	train	http://www.gutenberg.org/ebooks/25733.txt.utf-8	True
c2b895e8b32548747637d328a8fc77ad705e55f6	1958	train	http://www.gutenberg.org/ebooks/1958.txt.utf-8	True
c34ad662cc69dd30db3835fa93b9954a7b0f7b18	44427	train	http://www.gutenberg.org/ebooks/44427.txt.utf-8	True
c3826668bc1faf0d148b9be8df9832c21b909de2	22354	train	http://www.gutenberg.org/ebooks/22354.txt.utf-8	True
c397b8d66b16fc8068abc0d7e5861ab4b2e54ac9	169	train	http://www.gutenberg.org/ebooks/169.txt.utf-8	True
c400547f76777cf05ab832229f730077ec3be94b	12431	train	http://www.gutenberg.org/ebooks/12431.txt.utf-8	True
c4241815627ac0077304ccdea892cd469a59334a	1770	train	http://www.gutenberg.org/ebooks/1770.txt.utf-8	True
c496444e867a5dfb9ad4b5060c3d715104a281b7	1450	train	http://www.gutenberg.org/ebooks/1450.txt.utf-8	True
c4e227aa88c6fbc0c021532499db1b30c16f0eaf	875	train	http://www.gutenberg.org/files/875/875-0.txt	True
c570e32f01dad103306d9b4320770daeb8873bca	8499	train	http://www.gutenberg.org/ebooks/8499.txt.utf-8	True
c5ada098b3a74fbe9dbd4d6f15121ef92aed7f02	4731	train	http://www.gutenberg.org/ebooks/4731.txt.utf-8	True
c5aef74ff7ba04945438460952b18befa4e45dbf	18000	train	http://www.gutenberg.org/ebooks/18000.txt.utf-8	True
c637662cd85593e94dd3338bf7af66a37ebe5563	26115	train	http://www.gutenberg.org/ebooks/26115.txt.utf-8	True
c63b2b324ab1290712f26912b3994d8c1e9937c6	48511	train	http://www.gutenberg.org/files/48511/48511-0.txt	True
c82d39d256c252bc607644e9ecd4a7f6bdddf299	3810	train	http://www.gutenberg.org/ebooks/3810.txt.utf-8	True
c8ce03f26a02ca9fcfbb0c9272f4558402b919b4	974	train	http://www.gutenberg.org/files/974/974-0.txt	True
c8e25c068b7c8a00ba00096e73ce7ea893c69aba	50598	train	http://www.gutenberg.org/ebooks/50598.txt.utf-8	True
c8e44f344826eb56a9f8d4600582e8816a4da91d	11231	train	http://www.gutenberg.org/ebooks/11231.txt.utf-8	True
c964b6f4312c789c76b202a664ccab8a9807282f	43092	train	http://www.gutenberg.org/ebooks/43092.txt.utf-8	True
ca4b98f54a313ac59b7da739f8a3d7454c271193	15766	train	http://www.gutenberg.org/ebooks/15766.txt.utf-8	True
ca62fc427e58bfba7739e0d514ffe433695ff602	8086	train	http://www.gutenberg.org/ebooks/8086.txt.utf-8	True
cacaa9792f080cab033f10fd7025c5d025f93d0a	1709	train	http://www.gutenberg.org/ebooks/1709.txt.utf-8	True
cacab4b8f8c2fd2db7dab52793e34a398b98fe07	5721	train	http://www.gutenberg.org/ebooks/5721.txt.utf-8	True
caf0ab019a350015cf49332baf41bdce16c4bfa7	35451	train	http://www.gutenberg.org/ebooks/35451.txt.utf-8	True
cb1ea1bb22437d7f239b7748e4dfe59258157e14	10150	train	http://www.gutenberg.org/ebooks/10150.txt.utf-8	True
cb33226b57202434789eedc650ebca166a458dcc	20642	train	http://www.gutenberg.org/ebooks/20642.txt.utf-8	True
cb5468ec85bb82131dad276d2bdf82161d607aba	8558	train	http://www.gutenberg.org/ebooks/8558.txt.utf-8	True
cb988d19a62895665c8434fc0b1ed41ba0f01357	35117	train	http://www.gutenberg.org/ebooks/35117.txt.utf-8	True
cbbbb720b94e009cc9a76b83f08f829de284617e	19805	train	http://www.gutenberg.org/ebooks/19805.txt.utf-8	True
cbe5789facedc849284572575cbe776913c61ec9	26654	train	http://www.gutenberg.org/ebooks/26654.txt.utf-8	True
cc106dabc672f1549e394204735deac3207d7976	12986	train	http://www.gutenberg.org/ebooks/12986.txt.utf-8	True
cc8608ad66db28cabde4fb1b409aff6bce5f13de	2044	train	http://www.gutenberg.org/ebooks/2044.txt.utf-8	True
ccfc0362f4cbcc6901fe0ef65a54408c61fb2977	963	train	http://www.gutenberg.org/ebooks/963.txt.utf-8	True
cd282be1ad0f0215565df1809daa573f90381eb4	26316	train	http://www.gutenberg.org/ebooks/26316.txt.utf-8	True
ce08ce1f3259d5718a8814a60707402679600349	12504	train	http://www.gutenberg.org/ebooks/12504.txt.utf-8	True
ceb53c6e5f1f89d2f4d43a0d9fa53af7734fa1d4	1952	train	http://www.gutenberg.org/ebooks/1952.txt.utf-8	True
ced6d9c14fd61bbdb72a24dc2f5f90dbbeb0a30c	38616	train	http://www.gutenberg.org/ebooks/38616.txt.utf-8	True
ced7681fb9a12261d500c0f98c25a2eee17ee215	14581	train	http://www.gutenberg.org/ebooks/14581.txt.utf-8	True
cefe0b107c44873159f4502d8698c5a3ad9352a0	19264	train	http://www.gutenberg.org/ebooks/19264.txt.utf-8	True
d001bd5bff80663fd1d4482d3b643c1ee414e79f	8868	train	http://www.gutenberg.org/ebooks/8868.txt.utf-8	True
d030a80754b5bf6bc6b77f020da4dde5bf7cb542	520	train	http://www.gutenberg.org/ebooks/520.txt.utf-8	True
d0384c80f6e170845dd6aade076d21da6174c045	5387	train	http://www.gutenberg.org/ebooks/5387.txt.utf-8	True
d048b2940e89186fca8f3d727d92757c21e3b476	31469	train	http://www.gutenberg.org/ebooks/31469.txt.utf-8	True
d0f0333ad7eb04d248ae1a8a6b69e68b7b359f76	11757	train	http://www.gutenberg.org/ebooks/11757.txt.utf-8	True
d12193f0306f5697bc5568e62349f54b9f1989dd	51845	train	http://www.gutenberg.org/ebooks/51845.txt.utf-8	True
d180ebbb2e1e14572d6bb586e26318056b1ce37c	1842	train	http://www.gutenberg.org/ebooks/1842.txt.utf-8	True
d345218d6fb0e8b6e1c7efa193276efb6e83a308	5604	train	http://www.gutenberg.org/ebooks/5604.txt.utf-8	True
d35d497fa8170ddb442d14bba0f777637315b78d	51054	train	http://www.gutenberg.org/files/51054/51054-0.txt	True
d405f9f8bdc064797841c04ea42531559ac19d0c	29614	train	http://www.gutenberg.org/ebooks/29614.txt.utf-8	True
d412a9f26b89becec04da993e314c6cefb6902a9	2787	train	http://www.gutenberg.org/ebooks/2787.txt.utf-8	True
d56d2864cceb811c9b29e3aa547374ebf7b26be3	28948	train	http://www.gutenberg.org/ebooks/28948.txt.utf-8	True
d5f15c19a2cca5609be4ae300cd7e08f601aba5f	25955	train	http://www.gutenberg.org/files/25955/25955-0.txt	True
d72079271c94d49a4dd02b36e0e6291de2c7c305	2021	train	http://www.gutenberg.org/ebooks/2021.txt.utf-8	True
d77afdf7d65249464b16a9643ff88ce36f6ef781	20	train	http://www.gutenberg.org/ebooks/20.txt.utf-8	True
d87a40e39666a2b9e096f60a84cbe3b9fd32589f	20085	train	http://www.gutenberg.org/ebooks/20085.txt.utf-8	True
d8e966a26d8054e3155ed4a4ade83b2bab83e95b	16566	train	http://www.gutenberg.org/ebooks/16566.txt.utf-8	True
d97f8275d21db225fc1b796ca1e0d22447ce3937	8418	train	http://www.gutenberg.org/ebooks/8418.txt.utf-8	True
d985a7679a1b086447b9cda085422f8dc7252105	39162	train	http://www.gutenberg.org/ebooks/39162.txt.utf-8	True
d9f524a1f44a19f5aa9818120eede1ca4608db44	5720	train	http://www.gutenberg.org/ebooks/5720.txt.utf-8	True
da0fbf9aa024eeace9a2e1aef91915f26856d233	7964	train	http://www.gutenberg.org/ebooks/7964.txt.utf-8	True
da215ca3bcbf04997227bce18a3f8782f8c956e4	1922	train	http://www.gutenberg.org/ebooks/1922.txt.utf-8	True
da92db374a011f526873e2c6734a2dd54f197fa5	19500	train	http://www.gutenberg.org/ebooks/19500.txt.utf-8	True
db56c96fa4101d1381abdb36e5b05581e57aef4c	17355	train	http://www.gutenberg.org/ebooks/17355.txt.utf-8	True
db73eb0ea1e1218639971e6b7c2d9e600dc36383	42796	train	http://www.gutenberg.org/ebooks/42796.txt.utf-8	True
dcb86aea4a771d1d0f075ab60515105f037fdcc2	5950	train	http://www.gutenberg.org/files/5950/5950-0.txt	True
dcbf2d6185d5338368b76f28cd92e3f718aed004	1752	train	http://www.gutenberg.org/ebooks/1752.txt.utf-8	True
dcc32fc8e81332ee23773037a78b3ef5edf4f53f	4011	train	http://www.gutenberg.org/ebooks/4011.txt.utf-8	True
dd4a1cd4565be9c7141a8196e05235e873eafaf3	25344	train	http://www.gutenberg.org/files/25344/25344-0.txt	True
dd9cf023bdd235307eae3ce78acccef6eff1e18c	37481	train	http://www.gutenberg.org/ebooks/37481.txt.utf-8	True
de11b8d449f8d1ae5fb955729a510beba780e168	23322	train	http://www.gutenberg.org/ebooks/23322.txt.utf-8	True
de4f940d1dde0bd7a3e8c214c42741956ae68fa1	134	train	http://www.gutenberg.org/ebooks/134.txt.utf-8	True
dea2f279429c66e84cd3318163178b358da8f6cc	52176	train	http://www.gutenberg.org/ebooks/52176.txt.utf-8	True
def05b2808f7557610b6b71051b257dd1f955bc1	943	train	http://www.gutenberg.org/ebooks/943.txt.utf-8	True
dfd193315559f6de75c3fc50c90f98b19eb7e5c5	1028	train	http://www.gutenberg.org/ebooks/1028.txt.utf-8	True
dff49153b40fe907cde5316af4b1629ceae923d9	22301	train	http://www.gutenberg.org/ebooks/22301.txt.utf-8	True
e070825c9e6a08429ba971f12745f7b29c7a41b1	1542	train	http://www.gutenberg.org/ebooks/1542.txt.utf-8	True
e0b99eb5a288970d3e82846af97e56cf4248cd85	28832	train	http://www.gutenberg.org/ebooks/28832.txt.utf-8	True
e10490514db5ffdceb8fc7c85c6f5db6ccc4534a	2802	train	http://www.gutenberg.org/ebooks/2802.txt.utf-8	True
e11589d91adedbbb983989cb3ed213c6e76ed99a	42236	train	http://www.gutenberg.org/ebooks/42236.txt.utf-8	True
e11918fe15248b740d970ca62dfd10cdd4065f6f	29106	train	http://www.gutenberg.org/ebooks/29106.txt.utf-8	True
e1a5be12e8c521868c2f4c7485797ffa7e0acd9d	25398	train	http://www.gutenberg.org/ebooks/25398.txt.utf-8	True
e29f23ebe56136421e71a8caa88693c07a1ba623	30664	train	http://www.gutenberg.org/files/30664/30664-0.txt	True
e2b2c77fb78c35ba232fb1e043031f31cc1a3689	16564	train	http://www.gutenberg.org/files/16564/16564-0.txt	True
e32f6a88a17ae3d52fea864bde1304106f9ccce8	2662	train	http://www.gutenberg.org/ebooks/2662.txt.utf-8	True
e37b89959b8a08a31c7623074f65877668b47d26	1145	train	http://www.gutenberg.org/ebooks/1145.txt.utf-8	True
e3aea7e1997b6057899be86ce2acd04a2df6bf57	583	train	http://www.gutenberg.org/ebooks/583.txt.utf-8	True
e3b700a2a9853e91d32726b11328d5ffd087297a	1983	train	http://www.gutenberg.org/ebooks/1983.txt.utf-8	True
e50f6e0722981cebebeead482c2e2bfd4c8b80de	6824	train	http://www.gutenberg.org/ebooks/6824.txt.utf-8	True
e53665b111c3ab95216386fd492e54a0eb0906b0	5347	train	http://www.gutenberg.org/ebooks/5347.txt.utf-8	True
e57471b92e3889301c10fbf9eb8d78204ca7d80e	7381	train	http://www.gutenberg.org/ebooks/7381.txt.utf-8	True
e5a717d519b7648ce17e3f1f78dd4ba0548c8338	50742	train	http://www.gutenberg.org/ebooks/50742.txt.utf-8	True
e5c7770f84262102e2d284d4589cae5aa6e73872	518	train	http://www.gutenberg.org/ebooks/518.txt.utf-8	True
e66f82b7832a43751dabfd9dce3180dd28bbd0b3	308	train	http://www.gutenberg.org/files/308/308-0.txt	True
e67c8a23b087fdba5e5266cc21babef9238babc2	51425	train	http://www.gutenberg.org/ebooks/51425.txt.utf-8	True
e684bea91a5d46223fca2aaf2b3584f49308ac55	653	train	http://www.gutenberg.org/files/653/653-0.txt	True
e6b90ac408f85b70d4da2ec35b695d5d0f70196f	42523	train	http://www.gutenberg.org/ebooks/42523.txt.utf-8	True
e6d8d48d6423b539573deb20e723347a0f842199	20788	train	http://www.gutenberg.org/ebooks/20788.txt.utf-8	True
e726621795b1ee901188a6f453355d03e68d4aac	45524	train	http://www.gutenberg.org/ebooks/45524.txt.utf-8	True
e7598e595c6dd58166b88f92a5723e63f3d93b78	2502	train	http://www.gutenberg.org/ebooks/2502.txt.utf-8	True
e814b013d044140a64ff47ad920009fe7c9db547	19141	train	http://www.gutenberg.org/ebooks/19141.txt.utf-8	True
e8f4c55b6eed0c4e0e6b34b48651bafa884ae1b5	2042	train	http://www.gutenberg.org/ebooks/2042.txt.utf-8	True
e93ace5fb122b6962098ca5c0bf2a9e4e8b86893	4745	train	http://www.gutenberg.org/ebooks/4745.txt.utf-8	True
e9ff026e90e2506a4e2710fac9cfb0df33248fa4	18137	train	http://www.gutenberg.org/ebooks/18137.txt.utf-8	True
ea4c34d27ecbe90a14541dd0bbc0b5c6f475f203	11092	train	http://www.gutenberg.org/ebooks/11092.txt.utf-8	True
ea6d777ae79760c3e6d087a038f0ecf11c34d586	2289	train	http://www.gutenberg.org/ebooks/2289.txt.utf-8	True
eb6c58c2168f0a9e60f23b8107d17be92503030f	33846	train	http://www.gutenberg.org/ebooks/33846.txt.utf-8	True
ebd6d319ba69f1f60618a32c124d344bc5e1b56e	11438	train	http://www.gutenberg.org/ebooks/11438.txt.utf-8	True
ecdd7d239978d8bdf03d163b4fb3a5e97518b715	9150	train	http://www.gutenberg.org/ebooks/9150.txt.utf-8	True
edd994d7ad9905d5acb91c71915b735efbe37b36	2090	train	http://www.gutenberg.org/files/2090/2090-0.txt	True
ee626ccf176e4834186d4125aeaacf6fc2cb2a87	81	train	http://www.gutenberg.org/ebooks/81.txt.utf-8	True
ee9d965dea242752ee8786b1ec0d53a82a3fde0e	392	train	http://www.gutenberg.org/ebooks/392.txt.utf-8	True
eec864a5517c25d30b351c93c57054bb89811368	4003	train	http://www.gutenberg.org/ebooks/4003.txt.utf-8	True
eef816f32f560811968ec9e20eb4e5f034199444	2447	train	http://www.gutenberg.org/ebooks/2447.txt.utf-8	True
ef102d02ce5962470a8cbf9d9219625d0080384c	2158	train	http://www.gutenberg.org/ebooks/2158.txt.utf-8	True
ef31dd1863ac76fa8be81963c77e8c86ed67db74	393	train	http://www.gutenberg.org/files/393/393-0.txt	True
ef8b2d07b6d31531a169fefa7a7585b43aa71f60	18224	train	http://www.gutenberg.org/ebooks/18224.txt.utf-8	True
efb0cbe1fdfe5278fa0028c67230ba7b81c27635	5230	train	http://www.gutenberg.org/ebooks/5230.txt.utf-8	True
f01426d161b74fa8cc69b259b8460271b8c70121	16169	train	http://www.gutenberg.org/files/16169/16169-0.txt	True
f05bcd8ebb7a7e3a2457e51e0a9797802ca26ae3	7412	train	http://www.gutenberg.org/ebooks/7412.txt.utf-8	True
f0a45e1d3a587d322c7629727fd448303fb82a43	45742	train	http://www.gutenberg.org/ebooks/45742.txt.utf-8	True
f1239e5e117e2e30093e5cb5c98db3ce935a055b	985	train	http://www.gutenberg.org/ebooks/985.txt.utf-8	True
f19862b256b0ce49a796c88b2c80399b9f24d302	7481	train	http://www.gutenberg.org/ebooks/7481.txt.utf-8	True
f23712a97eb0abc86d873b5c28fe2008aa82ef0c	1667	train	http://www.gutenberg.org/files/1667/1667-0.txt	True
f2fb256a4abcb794e305acec57e9c4a05e4dc194	8518	train	http://www.gutenberg.org/ebooks/8518.txt.utf-8	True
f324b3fdf4815ba0073872d15405510f34bb9d2a	35164	train	http://www.gutenberg.org/ebooks/35164.txt.utf-8	True
f332e6f13bebaadce541f01d1a86f53058813db9	6031	train	http://www.gutenberg.org/ebooks/6031.txt.utf-8	True
f4148de27a9751817e9823d0b2e1d253d7b6b8e9	4298	train	http://www.gutenberg.org/ebooks/4298.txt.utf-8	True
f45ce838ccd7e8680a7dd8f3f4c702571e5d02fe	544	train	http://www.gutenberg.org/ebooks/544.txt.utf-8	True
f4743bff03d90a9fde6068197d2552bd5897baa1	3632	train	http://www.gutenberg.org/ebooks/3632.txt.utf-8	True
f4d34bcb783300803817b84656a65051b017e8f2	1401	train	http://www.gutenberg.org/ebooks/1401.txt.utf-8	True
f5d38eb6fbd9feb4f8e0bc35f83c8b2a7ed1bc1f	519	train	http://www.gutenberg.org/ebooks/519.txt.utf-8	True
f67c7a2c3c54410ebc976f8c2a3b52fa71052c51	2587	train	http://www.gutenberg.org/ebooks/2587.txt.utf-8	True
f8de0c6632791304d0cdc32f5edb38a0e565b16f	2948	train	http://www.gutenberg.org/ebooks/2948.txt.utf-8	True
f909d31f8d88fe802b45e1e4475353f0d241c5b5	391	train	http://www.gutenberg.org/ebooks/391.txt.utf-8	True
f92e6b67a23a5aa33da46e26356f17041dccedb7	12175	train	http://www.gutenberg.org/ebooks/12175.txt.utf-8	True
f92e7ef585397277ff7890ac55ad79e68b0acae6	5698	train	http://www.gutenberg.org/ebooks/5698.txt.utf-8	True
f99ca2df699151c7388c4822326025f0246dff31	2610	train	http://www.gutenberg.org/ebooks/2610.txt.utf-8	True
f9eefde042d49c10f82206e9331d5ebe06136aaf	145	train	http://www.gutenberg.org/ebooks/145.txt.utf-8	True
fa6a670f91e2102dc8c9b85f7eccbb3275cf1573	551	train	http://www.gutenberg.org/ebooks/551.txt.utf-8	True
fbbfafdd97567ddaadc565e18ac617703e1fed66	48007	train	http://www.gutenberg.org/files/48007/48007-0.txt	True
fc724594f1ffb52d1101209b11cebc95700ee082	3023	train	http://www.gutenberg.org/ebooks/3023.txt.utf-8	True
fcead81b066d683547be06440e91d8b181819fad	23058	train	http://www.gutenberg.org/ebooks/23058.txt.utf-8	True
fcf054d6d27b3d344e27d5be2f5518035cf09d8d	29566	train	http://www.gutenberg.org/ebooks/29566.txt.utf-8	True
fe752f8c56b123e282f7798a98355057fc44b7a1	34070	train	http://www.gutenberg.org/files/34070/34070-0.txt	True
fee64a7ee5b0427d78d666770c064213f245884a	24584	train	http://www.gutenberg.org/ebooks/24584.txt.utf-8	True
00fb61fa7bee266ad995e52190ebb73606b60b70	3771	validation	http://www.gutenberg.org/ebooks/3771.txt.utf-8	True
0ac0e7c55534399855675cf41872ae6c5a8a32dd	24020	validation	http://www.gutenberg.org/ebooks/24020.txt.utf-8	True
0ae0524cd381087ff94afe5d3fcd807f1708e488	1230	validation	http://www.gutenberg.org/ebooks/1230.txt.utf-8	True
11c498b404bec5dee6cbf41e54a8b682851fb934	42254	validation	http://www.gutenberg.org/ebooks/42254.txt.utf-8	True
12ec522e344ec19702bc8bc74d85b4e5adf2d229	16357	validation	http://www.gutenberg.org/ebooks/16357.txt.utf-8	True
1dfe627a09345ed564805313858dc89daf4a2283	4532	validation	http://www.gutenberg.org/ebooks/4532.txt.utf-8	True
214651e1fc210afdc48cb7272a4d06b79d172708	51782	validation	http://www.gutenberg.org/ebooks/51782.txt.utf-8	True
26118a3592e63a620bed0d65d1b0943d502e55ef	4709	validation	http://www.gutenberg.org/ebooks/4709.txt.utf-8	True
27118c9662889769c25d52ff3b870b596d743518	257	validation	http://www.gutenberg.org/ebooks/257.txt.utf-8	True
2a74184610bf91866dbdf37cba0b874dfc748a86	1616	validation	http://www.gutenberg.org/ebooks/1616.txt.utf-8	True
31c7eca71291b68f55dec4af7e61b6bcae8c5a8a	6308	validation	http://www.gutenberg.org/ebooks/6308.txt.utf-8	True
3513ebaa62106c8e80a0c9723eb456f28950adb8	9785	validation	http://www.gutenberg.org/ebooks/9785.txt.utf-8	True
408d3b92b889218d73adddf502b5f7f9d002f4ab	2885	validation	http://www.gutenberg.org/ebooks/2885.txt.utf-8	True
4e959a5d22e1968a1950ac836a1ba0cc3edffa41	969	validation	http://www.gutenberg.org/files/969/969-0.txt	True
542feab28f7513bfe3ec33b941584fa765ca6b8e	51	validation	http://www.gutenberg.org/ebooks/51.txt.utf-8	True
56434e4849e679e4089c33a5f5bd3050e71c5ec1	15900	validation	http://www.gutenberg.org/files/15900/15900-0.txt	True
57523a482ae81616899feaff7497fa962edef9b6	1023	validation	http://www.gutenberg.org/ebooks/1023.txt.utf-8	True
6cfe7052daf187b667538b2858849a84c1f6b049	5165	validation	http://www.gutenberg.org/ebooks/5165.txt.utf-8	True
6d3020e7252fb731314bad3522cd416af124a3f0	37651	validation	http://www.gutenberg.org/ebooks/37651.txt.utf-8	True
7caf2f44d1a9e5ff56df26563d3b96ae3d0200c6	1661	validation	http://www.gutenberg.org/ebooks/1661.txt.utf-8	True
808df2952d2a29807de69db8f77608025f667c97	2865	validation	http://www.gutenberg.org/ebooks/2865.txt.utf-8	True
829bd66e747e61902f22af2c0ff0d4f8090d2242	760	validation	http://www.gutenberg.org/ebooks/760.txt.utf-8	True
845186ccb0a481e73525e98cbef89279c2f5721e	16692	validation	http://www.gutenberg.org/ebooks/16692.txt.utf-8	True
862799d267213ae12ec7925feea1faf82358cec9	25570	validation	http://www.gutenberg.org/ebooks/25570.txt.utf-8	True
86fc18a4b6b2079beea7ee8c92ec1850d24a04e2	7031	validation	http://www.gutenberg.org/ebooks/7031.txt.utf-8	True
879287f285743b08d86c3bd0831ec1e49fa92e39	174	validation	http://www.gutenberg.org/ebooks/174.txt.utf-8	True
87bf382f6852f12cd8342a47c813cd51bed992ad	2911	validation	http://www.gutenberg.org/ebooks/2911.txt.utf-8	True
8a7a91b669cd6a37e96abcf846ef45a9c4cbb692	32530	validation	http://www.gutenberg.org/ebooks/32530.txt.utf-8	True
8cb9a3afd8d542c798c3a34fd1a9afa0a77931c2	2425	validation	http://www.gutenberg.org/ebooks/2425.txt.utf-8	True
8ec2acc82d024a645fe81f51270d6dbba8b7981e	1657	validation	http://www.gutenberg.org/ebooks/1657.txt.utf-8	True
926198f64d64f2bf796feddd42a4aa1714ddf5b2	2500	validation	http://www.gutenberg.org/ebooks/2500.txt.utf-8	True
9324c1f58c59e30247032dfa99ef564b7af92293	2349	validation	http://www.gutenberg.org/ebooks/2349.txt.utf-8	True
94dc6d01df88f97843813efb11e5d7e48562c869	720	validation	http://www.gutenberg.org/ebooks/720.txt.utf-8	True
a21137785e9a0e86d9cefd3fda385199fd9da232	4696	validation	http://www.gutenberg.org/ebooks/4696.txt.utf-8	True
a6dfeb4977cc8ba862878693664d326d7c6049e7	16950	validation	http://www.gutenberg.org/ebooks/16950.txt.utf-8	True
ab1da932cda3b43d4b44a7083b23787b62f4526c	3285	validation	http://www.gutenberg.org/ebooks/3285.txt.utf-8	True
afa2f47d178398d3f3c9515662fc5bbd71b15ccd	6455	validation	http://www.gutenberg.org/ebooks/6455.txt.utf-8	True
b2091fab7149af1b52bdd0a2bc28e60a2092a16a	994	validation	http://www.gutenberg.org/ebooks/994.txt.utf-8	True
b3d5cd530ffd1b3e55e1ac07b7e21c7134387d94	25282	validation	http://www.gutenberg.org/ebooks/25282.txt.utf-8	True
b7ea3185c6be5ea8d603fe5c4c54268c8b42605a	615	validation	http://www.gutenberg.org/ebooks/615.txt.utf-8	True
bfaf8bc1a86d524c9431e855c139da705730f165	863	validation	http://www.gutenberg.org/files/863/863-0.txt	True
c49589b75550f66772acbdb86b26b1fd38a3249e	19435	validation	http://www.gutenberg.org/ebooks/19435.txt.utf-8	True
c6bf28c8adbc7b8fb371bc7cb38d1be353597147	34339	validation	http://www.gutenberg.org/ebooks/34339.txt.utf-8	True
d2794c7cec9e889d2fbfc1b4ca018654ec83e2c6	1710	validation	http://www.gutenberg.org/ebooks/1710.txt.utf-8	True
d285c6beb3dc935411fd3297b02602b8afc7170c	2083	validation	http://www.gutenberg.org/ebooks/2083.txt.utf-8	True
d431326bd5a673425316a46ced23563a00d3e45c	31976	validation	http://www.gutenberg.org/ebooks/31976.txt.utf-8	True
d802901218c1f792295cb1565a2a922b4ff9294a	901	validation	http://www.gutenberg.org/ebooks/901.txt.utf-8	True
e5514678c3a6ac0dad17b96993ea231da4fecd0a	498	validation	http://www.gutenberg.org/ebooks/498.txt.utf-8	True
ea371ba9cc41bf32aa8b37549662d2d3a38f084d	166	validation	http://www.gutenberg.org/ebooks/166.txt.utf-8	True
ebfad83ccf1214df566432798c54deb17e91d958	16517	validation	http://www.gutenberg.org/ebooks/16517.txt.utf-8	True
ed524405685e79384ca61daa883a2c0da21cfc9c	885	validation	http://www.gutenberg.org/files/885/885-0.txt	True
edb92e9d9fe05242da8ead459d53853c8815716b	3486	validation	http://www.gutenberg.org/ebooks/3486.txt.utf-8	True
f1c34596be81d736e30489c95e62a198b02d9fac	2384	validation	http://www.gutenberg.org/ebooks/2384.txt.utf-8	True
f20938344f38ebb5dfacccb6bd0ddf51ab77dbd4	1193	validation	http://www.gutenberg.org/files/1193/1193-0.txt	True
f69d861b4aed53f6bd9069c588a641929c840ae5	13152	validation	http://www.gutenberg.org/ebooks/13152.txt.utf-8	True
f70edecebfabbfaa65fb58ada2a6642453d217a9	44872	validation	http://www.gutenberg.org/ebooks/44872.txt.utf-8	True
f90f97c9ae38be55921b5e8a93d06ddada82dd1f	2084	validation	http://www.gutenberg.org/ebooks/2084.txt.utf-8	True
f94253b4b5f8cfb2afea5f0b9d6bb87de266d11c	689	validation	http://www.gutenberg.org/ebooks/689.txt.utf-8	True
014de1a8802c05ff64efa047e9290fb7fccea2b4	1329	test	http://www.gutenberg.org/ebooks/1329.txt.utf-8	True
019a9611dd8e1b822bd0a58f075cc4a30bdd0797	26348	test	http://www.gutenberg.org/ebooks/26348.txt.utf-8	True
02eb19e46391a42912c60b7d0a072fc8684dfbd6	37189	test	http://www.gutenberg.org/ebooks/37189.txt.utf-8	True
03690ff2154ebecb454ea267cec529358ab6923b	5247	test	http://www.gutenberg.org/ebooks/5247.txt.utf-8	True
04954299c7b6bdc7b31b951bc0daa277353576a9	35542	test	http://www.gutenberg.org/ebooks/35542.txt.utf-8	True
04d0a3d15a1e39a94524a3958e433a88ca01fdf9	21558	test	http://www.gutenberg.org/ebooks/21558.txt.utf-8	True
0507acab5483574fd74d15921e6a7de500413ca8	18558	test	http://www.gutenberg.org/ebooks/18558.txt.utf-8	True
06b1c16f9343dfe145570e28e0fe81ddc66cf1ea	31422	test	http://www.gutenberg.org/ebooks/31422.txt.utf-8	True
08c3429e9717bc663bc5f41cd3a2c701c222ed2f	45264	test	http://www.gutenberg.org/ebooks/45264.txt.utf-8	True
09333c7d604bd412e6aef5d3e56b046ed301c5e5	2347	test	http://www.gutenberg.org/ebooks/2347.txt.utf-8	True
09809dc4e1e63a28e32c8182d8493667a91b54a3	17089	test	http://www.gutenberg.org/ebooks/17089.txt.utf-8	True
0c6bb0eb4a8f40ba3bdd6b1e6e86163e759d04e9	14954	test	http://www.gutenberg.org/ebooks/14954.txt.utf-8	True
0cd690f600881ef37a4e36ca79e378c733636c30	1845	test	http://www.gutenberg.org/ebooks/1845.txt.utf-8	True
0d0bc01441afbec48663e3b38827e1529a287765	5076	test	http://www.gutenberg.org/ebooks/5076.txt.utf-8	True
0d306f911ca339bc6ef6f484b29d30a809b08356	10002	test	http://www.gutenberg.org/ebooks/10002.txt.utf-8	True
0e9c46e2aaab8f794dd9e636ee6e88f301a2ef78	553	test	http://www.gutenberg.org/ebooks/553.txt.utf-8	True
0ebf71697ef16b7948f05a21dbf7abb34a818380	351	test	http://www.gutenberg.org/ebooks/351.txt.utf-8	True
1288838955082c83ba4801ea8c7a0b0c157a3e3a	18807	test	http://www.gutenberg.org/ebooks/18807.txt.utf-8	True
14fc0de61e9e8044764da1fb9f647d8ceb60e561	804	test	http://www.gutenberg.org/files/804/804-0.txt	True
15b1a5fe8ab222deba12f514f8a2311f901ab1d2	20869	test	http://www.gutenberg.org/ebooks/20869.txt.utf-8	True
16380f54b88ffa64ca4cd82d3dc5481e78ad5118	1138	test	http://www.gutenberg.org/ebooks/1138.txt.utf-8	True
17f2e2685467b6eebf01d2a643e31f53ea215e91	48818	test	http://www.gutenberg.org/ebooks/48818.txt.utf-8	True
18a67c48f4afdee5d95afd681e6e1787471b5f30	42243	test	http://www.gutenberg.org/ebooks/42243.txt.utf-8	True
1b548ec72908f9447446bdb24e8c179df19a8999	7490	test	http://www.gutenberg.org/ebooks/7490.txt.utf-8	True
1b82b15048e60b850bcaa1a8c719cf4008d0fbb8	37012	test	http://www.gutenberg.org/ebooks/37012.txt.utf-8	True
1fa32a0798f79e13ca92ae84eda9ab3eb12c70a4	215	test	http://www.gutenberg.org/ebooks/215.txt.utf-8	True
206ee38a1991579ed174f236490a9064e573a878	5118	test	http://www.gutenberg.org/ebooks/5118.txt.utf-8	True
21b5f862d86b23b2ed446dcbfbfb572ba70471d0	1804	test	http://www.gutenberg.org/ebooks/1804.txt.utf-8	True
22d1af3e29dc599ec0634fe860359027adea6944	3044	test	http://www.gutenberg.org/ebooks/3044.txt.utf-8	True
24c8ed4f493ab62acff4da9bad5c6a1c07e4770d	46156	test	http://www.gutenberg.org/files/46156/46156-0.txt	True
2584ef223f762658333799d37f593530f02ada28	1305	test	http://www.gutenberg.org/ebooks/1305.txt.utf-8	True
292febcd5a6d8b827564d5fa11ed81f2e82b3607	50500	test	http://www.gutenberg.org/ebooks/50500.txt.utf-8	True
29b3a0b4e9bd807c59912ec69f4617e1fa5c6a3e	1292	test	http://www.gutenberg.org/files/1292/1292-0.txt	True
2a798779ffab17c0002f1b127c729cb0387132be	3475	test	http://www.gutenberg.org/ebooks/3475.txt.utf-8	True
2c5f448df18172babaac38806e1fb699a8baf65b	14837	test	http://www.gutenberg.org/ebooks/14837.txt.utf-8	True
2dd593d19e201c9cf4edb0703cad0f525c1038a2	15077	test	http://www.gutenberg.org/ebooks/15077.txt.utf-8	True
2e3b266eda62694b15254616844a26d972f5939b	1460	test	http://www.gutenberg.org/files/1460/1460-0.txt	True
2f04b37c2a4ebe847ffe5927168dad8d3102acaf	1264	test	http://www.gutenberg.org/ebooks/1264.txt.utf-8	True
3015bab88108b574f61356eaa21df5fb52f0c545	1240	test	http://www.gutenberg.org/ebooks/1240.txt.utf-8	True
31783db2180c4e27c1e7f920ce9433111cc676b2	4761	test	http://www.gutenberg.org/ebooks/4761.txt.utf-8	True
331adcaf22f837c92a3c9ec6cc28b5a5c9689373	72	test	http://www.gutenberg.org/ebooks/72.txt.utf-8	True
33d7b5c04cc6220def312952b53737f1173a5936	7835	test	http://www.gutenberg.org/ebooks/7835.txt.utf-8	True
344cddeff8cb90fe176ea9809fd8d3169a7dba34	14851	test	http://www.gutenberg.org/ebooks/14851.txt.utf-8	True
350c0f8265c2d1183fd9a7e2a92c748998ac8775	605	test	http://www.gutenberg.org/ebooks/605.txt.utf-8	True
3988c295053fe9eb18747b735259fe78a7e760fd	3756	test	http://www.gutenberg.org/ebooks/3756.txt.utf-8	True
39c4fffc8734283d7bd491285d24b55a110c71ba	21767	test	http://www.gutenberg.org/ebooks/21767.txt.utf-8	True
39f84e28b86e98049044ff10d8988d66204d8e21	3479	test	http://www.gutenberg.org/ebooks/3479.txt.utf-8	True
3add9dffaf9e59148643f2e6e2a3032ef36aad29	2296	test	http://www.gutenberg.org/ebooks/2296.txt.utf-8	True
3bbc2ac0b3ad1f68b4d7cf3d27e26a06268a80d1	31266	test	http://www.gutenberg.org/ebooks/31266.txt.utf-8	True
3c55bc1a4ea2c18df8939f9e849eef88150088dd	17306	test	http://www.gutenberg.org/ebooks/17306.txt.utf-8	True
3c9d16f6b7dc853083ec5820b989205ab9943fca	14200	test	http://www.gutenberg.org/files/14200/14200-0.txt	True
3d20c51d711c74ec6eedf15e7550f70ed6d17e6f	792	test	http://www.gutenberg.org/ebooks/792.txt.utf-8	True
3dddbcc83358a72adfd1c957ae3cbfc1d194a143	14126	test	http://www.gutenberg.org/ebooks/14126.txt.utf-8	True
3e1d81664f7e7386e7b392ba670be09e3cf857ab	5343	test	http://www.gutenberg.org/ebooks/5343.txt.utf-8	True
3e8a859d3d95727497e613f958b06efcc34e839c	1611	test	http://www.gutenberg.org/ebooks/1611.txt.utf-8	True
3f596a5be9de38b6f63b6c4b92021fe78d403e80	50906	test	http://www.gutenberg.org/ebooks/50906.txt.utf-8	True
40d8b1ee377a7a4addca58e31f12d80c77fd8cb8	1943	test	http://www.gutenberg.org/ebooks/1943.txt.utf-8	True
4390a163555dbcd4511aa1edb5df5873d85e6291	1841	test	http://www.gutenberg.org/ebooks/1841.txt.utf-8	True
445ab148e8efea8e4bfe9aac7eb7ce95459eaa82	14814	test	http://www.gutenberg.org/ebooks/14814.txt.utf-8	True
46e4a4aa0f4ba89cf4d4972f1b9f6657f56e8f63	42196	test	http://www.gutenberg.org/ebooks/42196.txt.utf-8	True
485b86c3ffec91e89fbc846985944adc0cf73c80	24103	test	http://www.gutenberg.org/ebooks/24103.txt.utf-8	True
4a130666c65fb9435977c7b28ace9f922b224567	525	test	http://www.gutenberg.org/ebooks/525.txt.utf-8	True
4a4f75695025f492d0f8d71cd121afb048bdaf1f	22629	test	http://www.gutenberg.org/ebooks/22629.txt.utf-8	True
4a796aac281a1ec7280c9cf1bbf199757ad8a6f1	34962	test	http://www.gutenberg.org/ebooks/34962.txt.utf-8	True
4a92bf273183297c7b9e2a39e4ba9044d0eb1e33	30400	test	http://www.gutenberg.org/ebooks/30400.txt.utf-8	True
4d64bda641788de51424d99f5f79393767abfac7	42183	test	http://www.gutenberg.org/ebooks/42183.txt.utf-8	True
4d9f09db509c6ee9f523b2499ed019af1d762c21	92	test	http://www.gutenberg.org/ebooks/92.txt.utf-8	True
4e6e052732e90a9c127f6502feddee1a17301c14	9182	test	http://www.gutenberg.org/ebooks/9182.txt.utf-8	True
4ff62e050b4eba11e273a060f0e5b0080746ea79	20004	test	http://www.gutenberg.org/files/20004/20004-0.txt	True
55ac84541ede6e0f1106b2e4ab01a2bac2f21e39	23489	test	http://www.gutenberg.org/ebooks/23489.txt.utf-8	True
55d68540c6b86bc90f7a9e630c8b13c0920bf834	105	test	http://www.gutenberg.org/ebooks/105.txt.utf-8	True
56dedbff4098a09264f2032bf4242a7196fa0862	42332	test	http://www.gutenberg.org/ebooks/42332.txt.utf-8	True
57cc5523770d264c141abd6a01f7acdaf080c633	51082	test	http://www.gutenberg.org/ebooks/51082.txt.utf-8	True
58184a6c7022822b91a6593d00dd12be8bce7f36	4217	test	http://www.gutenberg.org/ebooks/4217.txt.utf-8	True
58b09dbe61c50f921f8d5d4b8c28183a920bf160	28767	test	http://www.gutenberg.org/ebooks/28767.txt.utf-8	True
5a3c3fa94456d41df5d8711b33687c39f2aa1ca8	3045	test	http://www.gutenberg.org/ebooks/3045.txt.utf-8	True
5e34e97ac8ff6cfb0f6e6e2ddcb4c23e55ea1c78	51161	test	http://www.gutenberg.org/files/51161/51161-0.txt	True
60510bf4be495aeb1b4640a7a058b4ae7c04b884	165	test	http://www.gutenberg.org/ebooks/165.txt.utf-8	True
608b8bcc44bdd6e1c03517468ebad835aa98ec28	44015	test	http://www.gutenberg.org/files/44015/44015-0.txt	True
63d1ef129001838ed7c2ec57afee68ea774c2460	14848	test	http://www.gutenberg.org/ebooks/14848.txt.utf-8	True
660773d96215d8a9c1dc486a0a9bfd2b0cd2e5b7	41	test	http://www.gutenberg.org/ebooks/41.txt.utf-8	True
6a871d6f5f4bd27168a57272d80b6eaff5a8329a	3782	test	http://www.gutenberg.org/ebooks/3782.txt.utf-8	True
6b92f0057a67fe3d24cce544969e5e17fec0b45c	4223	test	http://www.gutenberg.org/ebooks/4223.txt.utf-8	True
6dede499df79827ea44d634f07b998b90ee4a05d	22158	test	http://www.gutenberg.org/ebooks/22158.txt.utf-8	True
6e7da219c69bf781134fac6c34fb3a8470d2b0d2	35447	test	http://www.gutenberg.org/ebooks/35447.txt.utf-8	True
72ddeff1fe6bb9841d1c1da4b3031001bf6b1f58	35	test	http://www.gutenberg.org/ebooks/35.txt.utf-8	True
760ac32a76b6c6b360c4453cf79724f9fc86b9b2	7142	test	http://www.gutenberg.org/ebooks/7142.txt.utf-8	True
7624f5ec68a86da9bc7120192f863e824c675925	2198	test	http://www.gutenberg.org/ebooks/2198.txt.utf-8	True
78775713129c757ce928985ab432f2751d7b46af	29682	test	http://www.gutenberg.org/ebooks/29682.txt.utf-8	True
7ca86634d9d6d9f9f6ce2f9db0ca42f6a807b2ba	283	test	http://www.gutenberg.org/ebooks/283.txt.utf-8	True
7e7ade00a17d1645761336bc492e7000c60d38ac	52804	test	http://www.gutenberg.org/files/52804/52804-0.txt	True
7ee7a5656b920c8b6e33cc3f970afa9501782393	30639	test	http://www.gutenberg.org/ebooks/30639.txt.utf-8	True
8127b75c8994e66d143f00e64ba75d5ee050ad15	396	test	http://www.gutenberg.org/ebooks/396.txt.utf-8	True
818bfd881f6099dc585792bba69b492a111e7793	7085	test	http://www.gutenberg.org/ebooks/7085.txt.utf-8	True
84a16d3e5025bb3e2ceb36f8dbd85ade48fac84a	17028	test	http://www.gutenberg.org/ebooks/17028.txt.utf-8	True
8932752af63261f435156ff18c41d3da39c3d5c6	479	test	http://www.gutenberg.org/ebooks/479.txt.utf-8	True
8b5a5e185f5a7d9f240a38d396205831967418ff	3622	test	http://www.gutenberg.org/ebooks/3622.txt.utf-8	True
8bfe5ad8b198f6fcab9472f84b14fd6189d94e34	50966	test	http://www.gutenberg.org/files/50966/50966-0.txt	True
8e38d4f70e7ffb5429a5d6a519cdf8864330eca7	6852	test	http://www.gutenberg.org/ebooks/6852.txt.utf-8	True
8fd8d776e178272a36766df5b6971d4b5dda9d86	4358	test	http://www.gutenberg.org/ebooks/4358.txt.utf-8	True
924b3fef8301b7c25f882fa5b6f8f27a8a906f48	370	test	http://www.gutenberg.org/ebooks/370.txt.utf-8	True
94328b4aa4b54eab7b004ee7ecbaff9536498590	14220	test	http://www.gutenberg.org/ebooks/14220.txt.utf-8	True
9562ea781e95c048df96f528a2a8272721cde3a7	32154	test	http://www.gutenberg.org/ebooks/32154.txt.utf-8	True
95e9be5fab8ef29c6135cffb2e335d03135458ea	18846	test	http://www.gutenberg.org/ebooks/18846.txt.utf-8	True
9a1e1983016459fb1b0393306e408d85d2d4a5bb	5135	test	http://www.gutenberg.org/files/5135/5135-0.txt	True
9bb9407d60ce0a2e7b57defe538f8578ea79493b	5722	test	http://www.gutenberg.org/ebooks/5722.txt.utf-8	True
9bfa931a5513a490a9cc14f4c5062f5edfbc0f32	589	test	http://www.gutenberg.org/files/589/589-0.txt	True
9c05142dcf6d0705d4619800a741d7b337b21116	19145	test	http://www.gutenberg.org/ebooks/19145.txt.utf-8	True
9e20fe2641f5d1c02c834ee6263fd0a53711f4e4	23373	test	http://www.gutenberg.org/ebooks/23373.txt.utf-8	True
a1ddafa4cb19dd13dd41e6c10d81839dcce36ec7	2432	test	http://www.gutenberg.org/ebooks/2432.txt.utf-8	True
a2cb171c562fce09b6f2473dc65f121cce677b7f	41196	test	http://www.gutenberg.org/ebooks/41196.txt.utf-8	True
a3178b2869767f5cccaa1cad82b439132abaebbf	21914	test	http://www.gutenberg.org/ebooks/21914.txt.utf-8	True
a62274041e562a4bfbc5f7c5c7f3aa427c178c9e	3543	test	http://www.gutenberg.org/ebooks/3543.txt.utf-8	True
a677bc91d7cd5ed5476f5a78fd728e03112121c2	6087	test	http://www.gutenberg.org/ebooks/6087.txt.utf-8	True
a7dda57366f6c9e627b4cbd97b89e3645551d258	20890	test	http://www.gutenberg.org/files/20890/20890-0.txt	True
a9a03a147849d65e6bcaf3cc74c3dd93d0ef88d4	1063	test	http://www.gutenberg.org/ebooks/1063.txt.utf-8	True
ad020448b562d244e23b4d9a55fde6b31971f583	4057	test	http://www.gutenberg.org/ebooks/4057.txt.utf-8	True
ae029461fcf47fb7c4e9e2574c7fb936ca29937b	47	test	http://www.gutenberg.org/ebooks/47.txt.utf-8	True
aee3ec7fb1a35d44be2e49a1dcf64b8ed31a5ca9	1941	test	http://www.gutenberg.org/ebooks/1941.txt.utf-8	True
af7a0d8c4451211b245244cb4ac54532b160b5e5	12312	test	http://www.gutenberg.org/ebooks/12312.txt.utf-8	True
b0ec3188818dc23370cf89bdf260b7eef55f4bab	1951	test	http://www.gutenberg.org/files/1951/1951-0.txt	True
b38ea90791d8f8be86027c57edcea26dba5fcb44	3258	test	http://www.gutenberg.org/ebooks/3258.txt.utf-8	True
b3a2d33cda85a84d90b6a4a9f88ab920e2c9643f	1942	test	http://www.gutenberg.org/ebooks/1942.txt.utf-8	True
b510383c844f4f423a9e5ca63daa4b665916aa96	4782	test	http://www.gutenberg.org/ebooks/4782.txt.utf-8	True
b61541153e7d52f0238fb8014efbad42728143fa	24761	test	http://www.gutenberg.org/ebooks/24761.txt.utf-8	True
b844c7bb3cacfa042e25f614b6299a7e7ae56e31	9776	test	http://www.gutenberg.org/ebooks/9776.txt.utf-8	True
ba4195db69ed45a0fe3a33e7179aeef7d29bc2ca	1300	test	http://www.gutenberg.org/ebooks/1300.txt.utf-8	True
bb6376e342dc66b433066219e35995b491923a16	12352	test	http://www.gutenberg.org/ebooks/12352.txt.utf-8	True
bc42c0d69d80a45724cb2c7ca1acb649147c3a4f	24010	test	http://www.gutenberg.org/ebooks/24010.txt.utf-8	True
bf445b279454ae52287f19febc74f258f34c9134	52228	test	http://www.gutenberg.org/files/52228/52228-0.txt	True
bff116935a9696fc3351f49dd8a45a1ad9986458	12141	test	http://www.gutenberg.org/ebooks/12141.txt.utf-8	True
c216e79f13e6c141b9d83b732e1ca5936d96ee9f	2804	test	http://www.gutenberg.org/ebooks/2804.txt.utf-8	True
c3ad97ba978bd2f56484be04acb706a6a42d8e00	7401	test	http://www.gutenberg.org/ebooks/7401.txt.utf-8	True
c3fe35b1c129aa367e223e6cb1cecaba20a26a37	8867	test	http://www.gutenberg.org/ebooks/8867.txt.utf-8	True
c5fbceeedd74bdb32ed744381e7edd65cfd17a8a	9090	test	http://www.gutenberg.org/ebooks/9090.txt.utf-8	True
c9fab7d896ddf088d12ac7aaa448960789c73850	3418	test	http://www.gutenberg.org/ebooks/3418.txt.utf-8	True
caf8d1c02839b265efafa097df884f48f1b430e1	77	test	http://www.gutenberg.org/ebooks/77.txt.utf-8	True
cb73b862a2e8711723a20224d5ce6fb41ee60047	13415	test	http://www.gutenberg.org/ebooks/13415.txt.utf-8	True
cb767b7edd8cf3c78492a3147415f3434349c0a7	78	test	http://www.gutenberg.org/ebooks/78.txt.utf-8	True
cba4515370099009b03d469ebe3e8ab69550bd2d	785	test	http://www.gutenberg.org/ebooks/785.txt.utf-8	True
ced259f88228bea5f1d29e0bc784c28ad8b8c4cb	40882	test	http://www.gutenberg.org/ebooks/40882.txt.utf-8	True
cee9ed60009c325382f35d5c81a5c22ab3cf9200	6650	test	http://www.gutenberg.org/ebooks/6650.txt.utf-8	True
d5a2d9f1311e0398ed061e6d3281c3135020027e	16096	test	http://www.gutenberg.org/ebooks/16096.txt.utf-8	True
d67891bcff4768f4de2137adf792dbeb1c299b69	1074	test	http://www.gutenberg.org/files/1074/1074-0.txt	True
d6cf36363a9fc159d415e534d641f293b5d4b255	132	test	http://www.gutenberg.org/ebooks/132.txt.utf-8	True
daa54dd9f8daecd7bcc6f01f3b360a272d5d97a4	805	test	http://www.gutenberg.org/ebooks/805.txt.utf-8	True
db50738d7cae3992d86212a129d743ba0838e65b	1332	test	http://www.gutenberg.org/ebooks/1332.txt.utf-8	True
dd2f9e47986fa729eedcfeefed5fdd7128e173f2	3796	test	http://www.gutenberg.org/ebooks/3796.txt.utf-8	True
dde4681629f27836da5b7c6b22e8e0353e62cc8b	2153	test	http://www.gutenberg.org/ebooks/2153.txt.utf-8	True
de79e439d0586c0af4aa95689757190b6e156c38	4068	test	http://www.gutenberg.org/ebooks/4068.txt.utf-8	True
e034bde573f14b8bbbbfc19ea55bab96c9c2a2aa	15588	test	http://www.gutenberg.org/ebooks/15588.txt.utf-8	True
e2ad3b91abda132c04c65f7b93559d2ff23b1cac	541	test	http://www.gutenberg.org/ebooks/541.txt.utf-8	True
e3f3a84e789ac0600c47997785bdc710cc3a0445	1916	test	http://www.gutenberg.org/ebooks/1916.txt.utf-8	True
e524c75271fe0e5c4b1fdbc3c2e297cdecf1b113	4275	test	http://www.gutenberg.org/ebooks/4275.txt.utf-8	True
e62ba8eff570a51d9e5dd256e45012d4d83bfd5f	1237	test	http://www.gutenberg.org/ebooks/1237.txt.utf-8	True
e72d83e55d93bb42ae19fa3ec68bb983d4541a7e	47513	test	http://www.gutenberg.org/files/47513/47513-0.txt	True
e8691a3bf0cc4d88b455c5e6992185eddad275bc	30340	test	http://www.gutenberg.org/ebooks/30340.txt.utf-8	True
eaba6723befdddc5c5177c5c1bf5262d850c2a99	696	test	http://www.gutenberg.org/files/696/696-0.txt	True
ebb8c31643ca701cef556caebc31c8490f4dfc9e	5723	test	http://www.gutenberg.org/ebooks/5723.txt.utf-8	True
eea7bb57b85ae2610235969115a78145aadd3e3d	3804	test	http://www.gutenberg.org/files/3804/3804-0.txt	True
f10fb9f842ca92278dcca67e5b8789e8f3dc9326	3777	test	http://www.gutenberg.org/ebooks/3777.txt.utf-8	True
f163ea23c17a82402541197594fecc74a3bbee08	14877	test	http://www.gutenberg.org/ebooks/14877.txt.utf-8	True
f3e2078f74f7621ccbe1ceb3b3c9e68b6516db3a	11229	test	http://www.gutenberg.org/ebooks/11229.txt.utf-8	True
f4c9b2e062c118b0c15409e78b8e2a3c2ceadcd3	234	test	http://www.gutenberg.org/ebooks/234.txt.utf-8	True
f6fbb458ad9ae228f23e0903109646020e249761	44385	test	http://www.gutenberg.org/ebooks/44385.txt.utf-8	True
f8544c9577a500e557ce5ea7b487c867c3de21a9	39229	test	http://www.gutenberg.org/ebooks/39229.txt.utf-8	True
f91675dfda3bf99e3668a7f1ff06f9eacedaf28c	31709	test	http://www.gutenberg.org/ebooks/31709.txt.utf-8	True
fa1c5da957da66aec751555a4bb1b6ba1580ccce	1948	test	http://www.gutenberg.org/ebooks/1948.txt.utf-8	True
fc0c25c8cb5550d17315329cd72451f21e0e12a9	482	test	http://www.gutenberg.org/ebooks/482.txt.utf-8	True
fc7187dffd2fe9018b288b0d81c5e049ce0ad716	45021	test	http://www.gutenberg.org/ebooks/45021.txt.utf-8	True
fc79357de2e376b0fe00069cfe9099ac4ce51426	369	test	http://www.gutenberg.org/ebooks/369.txt.utf-8	True
fcc0308422461028f07592872b425bc34b50b6e6	11656	test	http://www.gutenberg.org/ebooks/11656.txt.utf-8	True
fcc49197e2d0dafd6d09384f4f527969cd409a30	3830	test	http://www.gutenberg.org/ebooks/3830.txt.utf-8	True
fcf28eb74e5d50c402f34d32ce2370ce1bd12506	1097	test	http://www.gutenberg.org/ebooks/1097.txt.utf-8	True
fe1cd0e9b95b4e75db3376d9f94ef1abe281d367	50022	test	http://www.gutenberg.org/ebooks/50022.txt.utf-8	True
feacf157bc3d40d57fba5bbe114760a9e7411f60	20121	test	http://www.gutenberg.org/ebooks/20121.txt.utf-8	True
ff66a9853a184196f556d5cf226e18fddef6be1c	2197	test	http://www.gutenberg.org/ebooks/2197.txt.utf-8	True
